quarter,level_1,level_2,value
1985-Q1,Total,Department Stores,na
1985-Q1,Total,Supermarkets,na
1985-Q1,Total,Mini-marts & Convenience Stores,91.4
1985-Q1,Total,Food Retailers,na
1985-Q1,Total,Motor Vehicles,25.6
1985-Q1,Total,Petrol Service Stations,67.4
1985-Q1,Total,Medical Goods & Toiletries,na
1985-Q1,Total,Wearing Apparel & Footwear,na
1985-Q1,Total,Furniture & Household Equipment,47.5
1985-Q1,Total,Recreational Goods,na
1985-Q1,Total,Watches & Jewellery,na
1985-Q1,Total,Computer & Telecommunications Equipment,na
1985-Q1,Total,Optical Goods & Books,na
1985-Q1,Total,Others,na
1985-Q2,Total,Department Stores,na
1985-Q2,Total,Supermarkets,na
1985-Q2,Total,Mini-marts & Convenience Stores,78
1985-Q2,Total,Food Retailers,na
1985-Q2,Total,Motor Vehicles,12.4
1985-Q2,Total,Petrol Service Stations,62.1
1985-Q2,Total,Medical Goods & Toiletries,na
1985-Q2,Total,Wearing Apparel & Footwear,na
1985-Q2,Total,Furniture & Household Equipment,44
1985-Q2,Total,Recreational Goods,na
1985-Q2,Total,Watches & Jewellery,na
1985-Q2,Total,Computer & Telecommunications Equipment,na
1985-Q2,Total,Optical Goods & Books,na
1985-Q2,Total,Others,na
1985-Q3,Total,Department Stores,na
1985-Q3,Total,Supermarkets,na
1985-Q3,Total,Mini-marts & Convenience Stores,83.4
1985-Q3,Total,Food Retailers,na
1985-Q3,Total,Motor Vehicles,11.3
1985-Q3,Total,Petrol Service Stations,62.8
1985-Q3,Total,Medical Goods & Toiletries,na
1985-Q3,Total,Wearing Apparel & Footwear,na
1985-Q3,Total,Furniture & Household Equipment,35.3
1985-Q3,Total,Recreational Goods,na
1985-Q3,Total,Watches & Jewellery,na
1985-Q3,Total,Computer & Telecommunications Equipment,na
1985-Q3,Total,Optical Goods & Books,na
1985-Q3,Total,Others,na
1985-Q4,Total,Department Stores,na
1985-Q4,Total,Supermarkets,na
1985-Q4,Total,Mini-marts & Convenience Stores,87.7
1985-Q4,Total,Food Retailers,na
1985-Q4,Total,Motor Vehicles,9.6
1985-Q4,Total,Petrol Service Stations,66.4
1985-Q4,Total,Medical Goods & Toiletries,na
1985-Q4,Total,Wearing Apparel & Footwear,na
1985-Q4,Total,Furniture & Household Equipment,39
1985-Q4,Total,Recreational Goods,na
1985-Q4,Total,Watches & Jewellery,na
1985-Q4,Total,Computer & Telecommunications Equipment,na
1985-Q4,Total,Optical Goods & Books,na
1985-Q4,Total,Others,na
1986-Q1,Total,Department Stores,na
1986-Q1,Total,Supermarkets,na
1986-Q1,Total,Mini-marts & Convenience Stores,95.5
1986-Q1,Total,Food Retailers,na
1986-Q1,Total,Motor Vehicles,15.1
1986-Q1,Total,Petrol Service Stations,67.1
1986-Q1,Total,Medical Goods & Toiletries,na
1986-Q1,Total,Wearing Apparel & Footwear,na
1986-Q1,Total,Furniture & Household Equipment,38.2
1986-Q1,Total,Recreational Goods,na
1986-Q1,Total,Watches & Jewellery,na
1986-Q1,Total,Computer & Telecommunications Equipment,na
1986-Q1,Total,Optical Goods & Books,na
1986-Q1,Total,Others,na
1986-Q2,Total,Department Stores,na
1986-Q2,Total,Supermarkets,na
1986-Q2,Total,Mini-marts & Convenience Stores,77
1986-Q2,Total,Food Retailers,na
1986-Q2,Total,Motor Vehicles,8.8
1986-Q2,Total,Petrol Service Stations,68.2
1986-Q2,Total,Medical Goods & Toiletries,na
1986-Q2,Total,Wearing Apparel & Footwear,na
1986-Q2,Total,Furniture & Household Equipment,33.1
1986-Q2,Total,Recreational Goods,na
1986-Q2,Total,Watches & Jewellery,na
1986-Q2,Total,Computer & Telecommunications Equipment,na
1986-Q2,Total,Optical Goods & Books,na
1986-Q2,Total,Others,na
1986-Q3,Total,Department Stores,na
1986-Q3,Total,Supermarkets,na
1986-Q3,Total,Mini-marts & Convenience Stores,79.1
1986-Q3,Total,Food Retailers,na
1986-Q3,Total,Motor Vehicles,9.6
1986-Q3,Total,Petrol Service Stations,72.2
1986-Q3,Total,Medical Goods & Toiletries,na
1986-Q3,Total,Wearing Apparel & Footwear,na
1986-Q3,Total,Furniture & Household Equipment,28.9
1986-Q3,Total,Recreational Goods,na
1986-Q3,Total,Watches & Jewellery,na
1986-Q3,Total,Computer & Telecommunications Equipment,na
1986-Q3,Total,Optical Goods & Books,na
1986-Q3,Total,Others,na
1986-Q4,Total,Department Stores,na
1986-Q4,Total,Supermarkets,na
1986-Q4,Total,Mini-marts & Convenience Stores,82.2
1986-Q4,Total,Food Retailers,na
1986-Q4,Total,Motor Vehicles,9.9
1986-Q4,Total,Petrol Service Stations,67.8
1986-Q4,Total,Medical Goods & Toiletries,na
1986-Q4,Total,Wearing Apparel & Footwear,na
1986-Q4,Total,Furniture & Household Equipment,33.2
1986-Q4,Total,Recreational Goods,na
1986-Q4,Total,Watches & Jewellery,na
1986-Q4,Total,Computer & Telecommunications Equipment,na
1986-Q4,Total,Optical Goods & Books,na
1986-Q4,Total,Others,na
1987-Q1,Total,Department Stores,na
1987-Q1,Total,Supermarkets,na
1987-Q1,Total,Mini-marts & Convenience Stores,95.1
1987-Q1,Total,Food Retailers,na
1987-Q1,Total,Motor Vehicles,13.2
1987-Q1,Total,Petrol Service Stations,68.8
1987-Q1,Total,Medical Goods & Toiletries,na
1987-Q1,Total,Wearing Apparel & Footwear,na
1987-Q1,Total,Furniture & Household Equipment,35.3
1987-Q1,Total,Recreational Goods,na
1987-Q1,Total,Watches & Jewellery,na
1987-Q1,Total,Computer & Telecommunications Equipment,na
1987-Q1,Total,Optical Goods & Books,na
1987-Q1,Total,Others,na
1987-Q2,Total,Department Stores,na
1987-Q2,Total,Supermarkets,na
1987-Q2,Total,Mini-marts & Convenience Stores,88.4
1987-Q2,Total,Food Retailers,na
1987-Q2,Total,Motor Vehicles,17.3
1987-Q2,Total,Petrol Service Stations,73.7
1987-Q2,Total,Medical Goods & Toiletries,na
1987-Q2,Total,Wearing Apparel & Footwear,na
1987-Q2,Total,Furniture & Household Equipment,36
1987-Q2,Total,Recreational Goods,na
1987-Q2,Total,Watches & Jewellery,na
1987-Q2,Total,Computer & Telecommunications Equipment,na
1987-Q2,Total,Optical Goods & Books,na
1987-Q2,Total,Others,na
1987-Q3,Total,Department Stores,na
1987-Q3,Total,Supermarkets,na
1987-Q3,Total,Mini-marts & Convenience Stores,89.6
1987-Q3,Total,Food Retailers,na
1987-Q3,Total,Motor Vehicles,19.7
1987-Q3,Total,Petrol Service Stations,76.8
1987-Q3,Total,Medical Goods & Toiletries,na
1987-Q3,Total,Wearing Apparel & Footwear,na
1987-Q3,Total,Furniture & Household Equipment,35.6
1987-Q3,Total,Recreational Goods,na
1987-Q3,Total,Watches & Jewellery,na
1987-Q3,Total,Computer & Telecommunications Equipment,na
1987-Q3,Total,Optical Goods & Books,na
1987-Q3,Total,Others,na
1987-Q4,Total,Department Stores,na
1987-Q4,Total,Supermarkets,na
1987-Q4,Total,Mini-marts & Convenience Stores,91.8
1987-Q4,Total,Food Retailers,na
1987-Q4,Total,Motor Vehicles,21.1
1987-Q4,Total,Petrol Service Stations,80
1987-Q4,Total,Medical Goods & Toiletries,na
1987-Q4,Total,Wearing Apparel & Footwear,na
1987-Q4,Total,Furniture & Household Equipment,38.1
1987-Q4,Total,Recreational Goods,na
1987-Q4,Total,Watches & Jewellery,na
1987-Q4,Total,Computer & Telecommunications Equipment,na
1987-Q4,Total,Optical Goods & Books,na
1987-Q4,Total,Others,na
1988-Q1,Total,Department Stores,na
1988-Q1,Total,Supermarkets,na
1988-Q1,Total,Mini-marts & Convenience Stores,93
1988-Q1,Total,Food Retailers,na
1988-Q1,Total,Motor Vehicles,32
1988-Q1,Total,Petrol Service Stations,75
1988-Q1,Total,Medical Goods & Toiletries,na
1988-Q1,Total,Wearing Apparel & Footwear,na
1988-Q1,Total,Furniture & Household Equipment,35.4
1988-Q1,Total,Recreational Goods,na
1988-Q1,Total,Watches & Jewellery,na
1988-Q1,Total,Computer & Telecommunications Equipment,na
1988-Q1,Total,Optical Goods & Books,na
1988-Q1,Total,Others,na
1988-Q2,Total,Department Stores,na
1988-Q2,Total,Supermarkets,na
1988-Q2,Total,Mini-marts & Convenience Stores,83.7
1988-Q2,Total,Food Retailers,na
1988-Q2,Total,Motor Vehicles,34.3
1988-Q2,Total,Petrol Service Stations,74.2
1988-Q2,Total,Medical Goods & Toiletries,na
1988-Q2,Total,Wearing Apparel & Footwear,na
1988-Q2,Total,Furniture & Household Equipment,36.3
1988-Q2,Total,Recreational Goods,na
1988-Q2,Total,Watches & Jewellery,na
1988-Q2,Total,Computer & Telecommunications Equipment,na
1988-Q2,Total,Optical Goods & Books,na
1988-Q2,Total,Others,na
1988-Q3,Total,Department Stores,na
1988-Q3,Total,Supermarkets,na
1988-Q3,Total,Mini-marts & Convenience Stores,84.1
1988-Q3,Total,Food Retailers,na
1988-Q3,Total,Motor Vehicles,39.3
1988-Q3,Total,Petrol Service Stations,76.9
1988-Q3,Total,Medical Goods & Toiletries,na
1988-Q3,Total,Wearing Apparel & Footwear,na
1988-Q3,Total,Furniture & Household Equipment,36.7
1988-Q3,Total,Recreational Goods,na
1988-Q3,Total,Watches & Jewellery,na
1988-Q3,Total,Computer & Telecommunications Equipment,na
1988-Q3,Total,Optical Goods & Books,na
1988-Q3,Total,Others,na
1988-Q4,Total,Department Stores,na
1988-Q4,Total,Supermarkets,na
1988-Q4,Total,Mini-marts & Convenience Stores,86.5
1988-Q4,Total,Food Retailers,na
1988-Q4,Total,Motor Vehicles,58.3
1988-Q4,Total,Petrol Service Stations,73.1
1988-Q4,Total,Medical Goods & Toiletries,na
1988-Q4,Total,Wearing Apparel & Footwear,na
1988-Q4,Total,Furniture & Household Equipment,39.4
1988-Q4,Total,Recreational Goods,na
1988-Q4,Total,Watches & Jewellery,na
1988-Q4,Total,Computer & Telecommunications Equipment,na
1988-Q4,Total,Optical Goods & Books,na
1988-Q4,Total,Others,na
1989-Q1,Total,Department Stores,na
1989-Q1,Total,Supermarkets,na
1989-Q1,Total,Mini-marts & Convenience Stores,84.5
1989-Q1,Total,Food Retailers,na
1989-Q1,Total,Motor Vehicles,65.2
1989-Q1,Total,Petrol Service Stations,78.3
1989-Q1,Total,Medical Goods & Toiletries,na
1989-Q1,Total,Wearing Apparel & Footwear,na
1989-Q1,Total,Furniture & Household Equipment,35.5
1989-Q1,Total,Recreational Goods,na
1989-Q1,Total,Watches & Jewellery,na
1989-Q1,Total,Computer & Telecommunications Equipment,na
1989-Q1,Total,Optical Goods & Books,na
1989-Q1,Total,Others,na
1989-Q2,Total,Department Stores,na
1989-Q2,Total,Supermarkets,na
1989-Q2,Total,Mini-marts & Convenience Stores,77.3
1989-Q2,Total,Food Retailers,na
1989-Q2,Total,Motor Vehicles,44
1989-Q2,Total,Petrol Service Stations,78.3
1989-Q2,Total,Medical Goods & Toiletries,na
1989-Q2,Total,Wearing Apparel & Footwear,na
1989-Q2,Total,Furniture & Household Equipment,37.1
1989-Q2,Total,Recreational Goods,na
1989-Q2,Total,Watches & Jewellery,na
1989-Q2,Total,Computer & Telecommunications Equipment,na
1989-Q2,Total,Optical Goods & Books,na
1989-Q2,Total,Others,na
1989-Q3,Total,Department Stores,na
1989-Q3,Total,Supermarkets,na
1989-Q3,Total,Mini-marts & Convenience Stores,78.4
1989-Q3,Total,Food Retailers,na
1989-Q3,Total,Motor Vehicles,42.7
1989-Q3,Total,Petrol Service Stations,83.3
1989-Q3,Total,Medical Goods & Toiletries,na
1989-Q3,Total,Wearing Apparel & Footwear,na
1989-Q3,Total,Furniture & Household Equipment,37.9
1989-Q3,Total,Recreational Goods,na
1989-Q3,Total,Watches & Jewellery,na
1989-Q3,Total,Computer & Telecommunications Equipment,na
1989-Q3,Total,Optical Goods & Books,na
1989-Q3,Total,Others,na
1989-Q4,Total,Department Stores,na
1989-Q4,Total,Supermarkets,na
1989-Q4,Total,Mini-marts & Convenience Stores,80.5
1989-Q4,Total,Food Retailers,na
1989-Q4,Total,Motor Vehicles,51.5
1989-Q4,Total,Petrol Service Stations,85.4
1989-Q4,Total,Medical Goods & Toiletries,na
1989-Q4,Total,Wearing Apparel & Footwear,na
1989-Q4,Total,Furniture & Household Equipment,47.5
1989-Q4,Total,Recreational Goods,na
1989-Q4,Total,Watches & Jewellery,na
1989-Q4,Total,Computer & Telecommunications Equipment,na
1989-Q4,Total,Optical Goods & Books,na
1989-Q4,Total,Others,na
1990-Q1,Total,Department Stores,na
1990-Q1,Total,Supermarkets,na
1990-Q1,Total,Mini-marts & Convenience Stores,85.7
1990-Q1,Total,Food Retailers,na
1990-Q1,Total,Motor Vehicles,70.5
1990-Q1,Total,Petrol Service Stations,85.8
1990-Q1,Total,Medical Goods & Toiletries,na
1990-Q1,Total,Wearing Apparel & Footwear,na
1990-Q1,Total,Furniture & Household Equipment,41.1
1990-Q1,Total,Recreational Goods,na
1990-Q1,Total,Watches & Jewellery,na
1990-Q1,Total,Computer & Telecommunications Equipment,na
1990-Q1,Total,Optical Goods & Books,na
1990-Q1,Total,Others,na
1990-Q2,Total,Department Stores,na
1990-Q2,Total,Supermarkets,na
1990-Q2,Total,Mini-marts & Convenience Stores,80.9
1990-Q2,Total,Food Retailers,na
1990-Q2,Total,Motor Vehicles,46.5
1990-Q2,Total,Petrol Service Stations,83.6
1990-Q2,Total,Medical Goods & Toiletries,na
1990-Q2,Total,Wearing Apparel & Footwear,na
1990-Q2,Total,Furniture & Household Equipment,40
1990-Q2,Total,Recreational Goods,na
1990-Q2,Total,Watches & Jewellery,na
1990-Q2,Total,Computer & Telecommunications Equipment,na
1990-Q2,Total,Optical Goods & Books,na
1990-Q2,Total,Others,na
1990-Q3,Total,Department Stores,na
1990-Q3,Total,Supermarkets,na
1990-Q3,Total,Mini-marts & Convenience Stores,80.9
1990-Q3,Total,Food Retailers,na
1990-Q3,Total,Motor Vehicles,29
1990-Q3,Total,Petrol Service Stations,83.4
1990-Q3,Total,Medical Goods & Toiletries,na
1990-Q3,Total,Wearing Apparel & Footwear,na
1990-Q3,Total,Furniture & Household Equipment,39.3
1990-Q3,Total,Recreational Goods,na
1990-Q3,Total,Watches & Jewellery,na
1990-Q3,Total,Computer & Telecommunications Equipment,na
1990-Q3,Total,Optical Goods & Books,na
1990-Q3,Total,Others,na
1990-Q4,Total,Department Stores,na
1990-Q4,Total,Supermarkets,na
1990-Q4,Total,Mini-marts & Convenience Stores,81.6
1990-Q4,Total,Food Retailers,na
1990-Q4,Total,Motor Vehicles,47.1
1990-Q4,Total,Petrol Service Stations,84.6
1990-Q4,Total,Medical Goods & Toiletries,na
1990-Q4,Total,Wearing Apparel & Footwear,na
1990-Q4,Total,Furniture & Household Equipment,48.8
1990-Q4,Total,Recreational Goods,na
1990-Q4,Total,Watches & Jewellery,na
1990-Q4,Total,Computer & Telecommunications Equipment,na
1990-Q4,Total,Optical Goods & Books,na
1990-Q4,Total,Others,na
1991-Q1,Total,Department Stores,na
1991-Q1,Total,Supermarkets,na
1991-Q1,Total,Mini-marts & Convenience Stores,90
1991-Q1,Total,Food Retailers,na
1991-Q1,Total,Motor Vehicles,49.5
1991-Q1,Total,Petrol Service Stations,86.7
1991-Q1,Total,Medical Goods & Toiletries,na
1991-Q1,Total,Wearing Apparel & Footwear,na
1991-Q1,Total,Furniture & Household Equipment,42.5
1991-Q1,Total,Recreational Goods,na
1991-Q1,Total,Watches & Jewellery,na
1991-Q1,Total,Computer & Telecommunications Equipment,na
1991-Q1,Total,Optical Goods & Books,na
1991-Q1,Total,Others,na
1991-Q2,Total,Department Stores,na
1991-Q2,Total,Supermarkets,na
1991-Q2,Total,Mini-marts & Convenience Stores,83.1
1991-Q2,Total,Food Retailers,na
1991-Q2,Total,Motor Vehicles,49.5
1991-Q2,Total,Petrol Service Stations,89
1991-Q2,Total,Medical Goods & Toiletries,na
1991-Q2,Total,Wearing Apparel & Footwear,na
1991-Q2,Total,Furniture & Household Equipment,44.2
1991-Q2,Total,Recreational Goods,na
1991-Q2,Total,Watches & Jewellery,na
1991-Q2,Total,Computer & Telecommunications Equipment,na
1991-Q2,Total,Optical Goods & Books,na
1991-Q2,Total,Others,na
1991-Q3,Total,Department Stores,na
1991-Q3,Total,Supermarkets,na
1991-Q3,Total,Mini-marts & Convenience Stores,82.8
1991-Q3,Total,Food Retailers,na
1991-Q3,Total,Motor Vehicles,50.3
1991-Q3,Total,Petrol Service Stations,88.8
1991-Q3,Total,Medical Goods & Toiletries,na
1991-Q3,Total,Wearing Apparel & Footwear,na
1991-Q3,Total,Furniture & Household Equipment,42.1
1991-Q3,Total,Recreational Goods,na
1991-Q3,Total,Watches & Jewellery,na
1991-Q3,Total,Computer & Telecommunications Equipment,na
1991-Q3,Total,Optical Goods & Books,na
1991-Q3,Total,Others,na
1991-Q4,Total,Department Stores,na
1991-Q4,Total,Supermarkets,na
1991-Q4,Total,Mini-marts & Convenience Stores,82
1991-Q4,Total,Food Retailers,na
1991-Q4,Total,Motor Vehicles,62.5
1991-Q4,Total,Petrol Service Stations,88.5
1991-Q4,Total,Medical Goods & Toiletries,na
1991-Q4,Total,Wearing Apparel & Footwear,na
1991-Q4,Total,Furniture & Household Equipment,50.3
1991-Q4,Total,Recreational Goods,na
1991-Q4,Total,Watches & Jewellery,na
1991-Q4,Total,Computer & Telecommunications Equipment,na
1991-Q4,Total,Optical Goods & Books,na
1991-Q4,Total,Others,na
1992-Q1,Total,Department Stores,na
1992-Q1,Total,Supermarkets,na
1992-Q1,Total,Mini-marts & Convenience Stores,83.5
1992-Q1,Total,Food Retailers,na
1992-Q1,Total,Motor Vehicles,64.2
1992-Q1,Total,Petrol Service Stations,92.8
1992-Q1,Total,Medical Goods & Toiletries,na
1992-Q1,Total,Wearing Apparel & Footwear,na
1992-Q1,Total,Furniture & Household Equipment,48.1
1992-Q1,Total,Recreational Goods,na
1992-Q1,Total,Watches & Jewellery,na
1992-Q1,Total,Computer & Telecommunications Equipment,na
1992-Q1,Total,Optical Goods & Books,na
1992-Q1,Total,Others,na
1992-Q2,Total,Department Stores,na
1992-Q2,Total,Supermarkets,na
1992-Q2,Total,Mini-marts & Convenience Stores,77.6
1992-Q2,Total,Food Retailers,na
1992-Q2,Total,Motor Vehicles,74.1
1992-Q2,Total,Petrol Service Stations,93.4
1992-Q2,Total,Medical Goods & Toiletries,na
1992-Q2,Total,Wearing Apparel & Footwear,na
1992-Q2,Total,Furniture & Household Equipment,43.2
1992-Q2,Total,Recreational Goods,na
1992-Q2,Total,Watches & Jewellery,na
1992-Q2,Total,Computer & Telecommunications Equipment,na
1992-Q2,Total,Optical Goods & Books,na
1992-Q2,Total,Others,na
1992-Q3,Total,Department Stores,na
1992-Q3,Total,Supermarkets,na
1992-Q3,Total,Mini-marts & Convenience Stores,81.8
1992-Q3,Total,Food Retailers,na
1992-Q3,Total,Motor Vehicles,63.4
1992-Q3,Total,Petrol Service Stations,98.2
1992-Q3,Total,Medical Goods & Toiletries,na
1992-Q3,Total,Wearing Apparel & Footwear,na
1992-Q3,Total,Furniture & Household Equipment,43.2
1992-Q3,Total,Recreational Goods,na
1992-Q3,Total,Watches & Jewellery,na
1992-Q3,Total,Computer & Telecommunications Equipment,na
1992-Q3,Total,Optical Goods & Books,na
1992-Q3,Total,Others,na
1992-Q4,Total,Department Stores,na
1992-Q4,Total,Supermarkets,na
1992-Q4,Total,Mini-marts & Convenience Stores,83.9
1992-Q4,Total,Food Retailers,na
1992-Q4,Total,Motor Vehicles,57.2
1992-Q4,Total,Petrol Service Stations,95.2
1992-Q4,Total,Medical Goods & Toiletries,na
1992-Q4,Total,Wearing Apparel & Footwear,na
1992-Q4,Total,Furniture & Household Equipment,47.2
1992-Q4,Total,Recreational Goods,na
1992-Q4,Total,Watches & Jewellery,na
1992-Q4,Total,Computer & Telecommunications Equipment,na
1992-Q4,Total,Optical Goods & Books,na
1992-Q4,Total,Others,na
1993-Q1,Total,Department Stores,56
1993-Q1,Total,Supermarkets,36.1
1993-Q1,Total,Mini-marts & Convenience Stores,84
1993-Q1,Total,Food Retailers,99
1993-Q1,Total,Motor Vehicles,90.4
1993-Q1,Total,Petrol Service Stations,96.4
1993-Q1,Total,Medical Goods & Toiletries,33.2
1993-Q1,Total,Wearing Apparel & Footwear,66.2
1993-Q1,Total,Furniture & Household Equipment,46.6
1993-Q1,Total,Recreational Goods,87.5
1993-Q1,Total,Watches & Jewellery,141.9
1993-Q1,Total,Computer & Telecommunications Equipment,5.9
1993-Q1,Total,Optical Goods & Books,67.2
1993-Q1,Total,Others,102.6
1993-Q2,Total,Department Stores,50.9
1993-Q2,Total,Supermarkets,35
1993-Q2,Total,Mini-marts & Convenience Stores,78.3
1993-Q2,Total,Food Retailers,90.8
1993-Q2,Total,Motor Vehicles,84.9
1993-Q2,Total,Petrol Service Stations,96.5
1993-Q2,Total,Medical Goods & Toiletries,33.1
1993-Q2,Total,Wearing Apparel & Footwear,56.3
1993-Q2,Total,Furniture & Household Equipment,41
1993-Q2,Total,Recreational Goods,88.3
1993-Q2,Total,Watches & Jewellery,105.5
1993-Q2,Total,Computer & Telecommunications Equipment,6.7
1993-Q2,Total,Optical Goods & Books,65.3
1993-Q2,Total,Others,88.1
1993-Q3,Total,Department Stores,57
1993-Q3,Total,Supermarkets,36.4
1993-Q3,Total,Mini-marts & Convenience Stores,79.9
1993-Q3,Total,Food Retailers,100.1
1993-Q3,Total,Motor Vehicles,80.2
1993-Q3,Total,Petrol Service Stations,99.7
1993-Q3,Total,Medical Goods & Toiletries,35.5
1993-Q3,Total,Wearing Apparel & Footwear,61.9
1993-Q3,Total,Furniture & Household Equipment,45.4
1993-Q3,Total,Recreational Goods,79.9
1993-Q3,Total,Watches & Jewellery,96.2
1993-Q3,Total,Computer & Telecommunications Equipment,6.2
1993-Q3,Total,Optical Goods & Books,68.5
1993-Q3,Total,Others,87.5
1993-Q4,Total,Department Stores,65.2
1993-Q4,Total,Supermarkets,41.2
1993-Q4,Total,Mini-marts & Convenience Stores,81.3
1993-Q4,Total,Food Retailers,107.7
1993-Q4,Total,Motor Vehicles,69.4
1993-Q4,Total,Petrol Service Stations,101
1993-Q4,Total,Medical Goods & Toiletries,37.2
1993-Q4,Total,Wearing Apparel & Footwear,71.5
1993-Q4,Total,Furniture & Household Equipment,53.9
1993-Q4,Total,Recreational Goods,90.3
1993-Q4,Total,Watches & Jewellery,116.1
1993-Q4,Total,Computer & Telecommunications Equipment,6.5
1993-Q4,Total,Optical Goods & Books,83.5
1993-Q4,Total,Others,92.3
1994-Q1,Total,Department Stores,65
1994-Q1,Total,Supermarkets,39.6
1994-Q1,Total,Mini-marts & Convenience Stores,84.1
1994-Q1,Total,Food Retailers,126.9
1994-Q1,Total,Motor Vehicles,94.2
1994-Q1,Total,Petrol Service Stations,98
1994-Q1,Total,Medical Goods & Toiletries,41.1
1994-Q1,Total,Wearing Apparel & Footwear,73.7
1994-Q1,Total,Furniture & Household Equipment,59.6
1994-Q1,Total,Recreational Goods,86.3
1994-Q1,Total,Watches & Jewellery,133.2
1994-Q1,Total,Computer & Telecommunications Equipment,9.1
1994-Q1,Total,Optical Goods & Books,79.6
1994-Q1,Total,Others,98.4
1994-Q2,Total,Department Stores,52.4
1994-Q2,Total,Supermarkets,37.6
1994-Q2,Total,Mini-marts & Convenience Stores,72.7
1994-Q2,Total,Food Retailers,94.7
1994-Q2,Total,Motor Vehicles,65.6
1994-Q2,Total,Petrol Service Stations,98.7
1994-Q2,Total,Medical Goods & Toiletries,35
1994-Q2,Total,Wearing Apparel & Footwear,56.1
1994-Q2,Total,Furniture & Household Equipment,35.6
1994-Q2,Total,Recreational Goods,68.2
1994-Q2,Total,Watches & Jewellery,73.7
1994-Q2,Total,Computer & Telecommunications Equipment,7.6
1994-Q2,Total,Optical Goods & Books,67.6
1994-Q2,Total,Others,71.1
1994-Q3,Total,Department Stores,59.7
1994-Q3,Total,Supermarkets,39
1994-Q3,Total,Mini-marts & Convenience Stores,80.1
1994-Q3,Total,Food Retailers,97.3
1994-Q3,Total,Motor Vehicles,69.4
1994-Q3,Total,Petrol Service Stations,101.3
1994-Q3,Total,Medical Goods & Toiletries,39.1
1994-Q3,Total,Wearing Apparel & Footwear,64.6
1994-Q3,Total,Furniture & Household Equipment,40.9
1994-Q3,Total,Recreational Goods,74.3
1994-Q3,Total,Watches & Jewellery,90.4
1994-Q3,Total,Computer & Telecommunications Equipment,10.2
1994-Q3,Total,Optical Goods & Books,73.5
1994-Q3,Total,Others,80.3
1994-Q4,Total,Department Stores,66.4
1994-Q4,Total,Supermarkets,43.3
1994-Q4,Total,Mini-marts & Convenience Stores,82
1994-Q4,Total,Food Retailers,104.6
1994-Q4,Total,Motor Vehicles,64.4
1994-Q4,Total,Petrol Service Stations,101.4
1994-Q4,Total,Medical Goods & Toiletries,39
1994-Q4,Total,Wearing Apparel & Footwear,73.9
1994-Q4,Total,Furniture & Household Equipment,47.5
1994-Q4,Total,Recreational Goods,79.8
1994-Q4,Total,Watches & Jewellery,111.8
1994-Q4,Total,Computer & Telecommunications Equipment,11.5
1994-Q4,Total,Optical Goods & Books,86.3
1994-Q4,Total,Others,83.5
1995-Q1,Total,Department Stores,61.3
1995-Q1,Total,Supermarkets,45.1
1995-Q1,Total,Mini-marts & Convenience Stores,83
1995-Q1,Total,Food Retailers,116.2
1995-Q1,Total,Motor Vehicles,82.4
1995-Q1,Total,Petrol Service Stations,98.2
1995-Q1,Total,Medical Goods & Toiletries,40
1995-Q1,Total,Wearing Apparel & Footwear,72.1
1995-Q1,Total,Furniture & Household Equipment,48.4
1995-Q1,Total,Recreational Goods,66.1
1995-Q1,Total,Watches & Jewellery,104.5
1995-Q1,Total,Computer & Telecommunications Equipment,14.2
1995-Q1,Total,Optical Goods & Books,75.2
1995-Q1,Total,Others,81.2
1995-Q2,Total,Department Stores,56.1
1995-Q2,Total,Supermarkets,46.3
1995-Q2,Total,Mini-marts & Convenience Stores,78.6
1995-Q2,Total,Food Retailers,94.7
1995-Q2,Total,Motor Vehicles,71.8
1995-Q2,Total,Petrol Service Stations,100.9
1995-Q2,Total,Medical Goods & Toiletries,40.1
1995-Q2,Total,Wearing Apparel & Footwear,57.5
1995-Q2,Total,Furniture & Household Equipment,43
1995-Q2,Total,Recreational Goods,57.6
1995-Q2,Total,Watches & Jewellery,90.6
1995-Q2,Total,Computer & Telecommunications Equipment,18.3
1995-Q2,Total,Optical Goods & Books,72.2
1995-Q2,Total,Others,73.9
1995-Q3,Total,Department Stores,61.3
1995-Q3,Total,Supermarkets,47.7
1995-Q3,Total,Mini-marts & Convenience Stores,80.5
1995-Q3,Total,Food Retailers,100.6
1995-Q3,Total,Motor Vehicles,73.5
1995-Q3,Total,Petrol Service Stations,105.2
1995-Q3,Total,Medical Goods & Toiletries,42
1995-Q3,Total,Wearing Apparel & Footwear,61.2
1995-Q3,Total,Furniture & Household Equipment,46.4
1995-Q3,Total,Recreational Goods,58.4
1995-Q3,Total,Watches & Jewellery,95.5
1995-Q3,Total,Computer & Telecommunications Equipment,20
1995-Q3,Total,Optical Goods & Books,75.2
1995-Q3,Total,Others,80.6
1995-Q4,Total,Department Stores,68.4
1995-Q4,Total,Supermarkets,52.8
1995-Q4,Total,Mini-marts & Convenience Stores,81.4
1995-Q4,Total,Food Retailers,101.5
1995-Q4,Total,Motor Vehicles,68.4
1995-Q4,Total,Petrol Service Stations,102.7
1995-Q4,Total,Medical Goods & Toiletries,41.6
1995-Q4,Total,Wearing Apparel & Footwear,68.9
1995-Q4,Total,Furniture & Household Equipment,54.1
1995-Q4,Total,Recreational Goods,70.5
1995-Q4,Total,Watches & Jewellery,115.1
1995-Q4,Total,Computer & Telecommunications Equipment,22.3
1995-Q4,Total,Optical Goods & Books,87.5
1995-Q4,Total,Others,77.2
1996-Q1,Total,Department Stores,66
1996-Q1,Total,Supermarkets,51.3
1996-Q1,Total,Mini-marts & Convenience Stores,84.3
1996-Q1,Total,Food Retailers,127.8
1996-Q1,Total,Motor Vehicles,74
1996-Q1,Total,Petrol Service Stations,103.4
1996-Q1,Total,Medical Goods & Toiletries,42
1996-Q1,Total,Wearing Apparel & Footwear,70.6
1996-Q1,Total,Furniture & Household Equipment,53.3
1996-Q1,Total,Recreational Goods,62.5
1996-Q1,Total,Watches & Jewellery,108.7
1996-Q1,Total,Computer & Telecommunications Equipment,24.3
1996-Q1,Total,Optical Goods & Books,81.8
1996-Q1,Total,Others,79.3
1996-Q2,Total,Department Stores,58.6
1996-Q2,Total,Supermarkets,50.9
1996-Q2,Total,Mini-marts & Convenience Stores,77.2
1996-Q2,Total,Food Retailers,92.1
1996-Q2,Total,Motor Vehicles,65.9
1996-Q2,Total,Petrol Service Stations,106.8
1996-Q2,Total,Medical Goods & Toiletries,39.9
1996-Q2,Total,Wearing Apparel & Footwear,54.7
1996-Q2,Total,Furniture & Household Equipment,48.6
1996-Q2,Total,Recreational Goods,63.2
1996-Q2,Total,Watches & Jewellery,87.9
1996-Q2,Total,Computer & Telecommunications Equipment,29.5
1996-Q2,Total,Optical Goods & Books,81.1
1996-Q2,Total,Others,74.3
1996-Q3,Total,Department Stores,60.4
1996-Q3,Total,Supermarkets,53.9
1996-Q3,Total,Mini-marts & Convenience Stores,79.4
1996-Q3,Total,Food Retailers,94.9
1996-Q3,Total,Motor Vehicles,63.2
1996-Q3,Total,Petrol Service Stations,110.8
1996-Q3,Total,Medical Goods & Toiletries,42.6
1996-Q3,Total,Wearing Apparel & Footwear,62.9
1996-Q3,Total,Furniture & Household Equipment,50.7
1996-Q3,Total,Recreational Goods,71.7
1996-Q3,Total,Watches & Jewellery,92.9
1996-Q3,Total,Computer & Telecommunications Equipment,27.2
1996-Q3,Total,Optical Goods & Books,82.5
1996-Q3,Total,Others,82.4
1996-Q4,Total,Department Stores,68.2
1996-Q4,Total,Supermarkets,56.5
1996-Q4,Total,Mini-marts & Convenience Stores,82.4
1996-Q4,Total,Food Retailers,93
1996-Q4,Total,Motor Vehicles,67.6
1996-Q4,Total,Petrol Service Stations,110.6
1996-Q4,Total,Medical Goods & Toiletries,45.1
1996-Q4,Total,Wearing Apparel & Footwear,74.8
1996-Q4,Total,Furniture & Household Equipment,62.4
1996-Q4,Total,Recreational Goods,92.2
1996-Q4,Total,Watches & Jewellery,122.9
1996-Q4,Total,Computer & Telecommunications Equipment,26.7
1996-Q4,Total,Optical Goods & Books,95.5
1996-Q4,Total,Others,81.3
1997-Q1,Total,Department Stores,64.9
1997-Q1,Total,Supermarkets,56.1
1997-Q1,Total,Mini-marts & Convenience Stores,83.7
1997-Q1,Total,Food Retailers,125.7
1997-Q1,Total,Motor Vehicles,58.5
1997-Q1,Total,Petrol Service Stations,105.1
1997-Q1,Total,Medical Goods & Toiletries,44.9
1997-Q1,Total,Wearing Apparel & Footwear,68.6
1997-Q1,Total,Furniture & Household Equipment,58.6
1997-Q1,Total,Recreational Goods,82.9
1997-Q1,Total,Watches & Jewellery,132.2
1997-Q1,Total,Computer & Telecommunications Equipment,30.4
1997-Q1,Total,Optical Goods & Books,90.7
1997-Q1,Total,Others,77.9
1997-Q2,Total,Department Stores,60
1997-Q2,Total,Supermarkets,55.8
1997-Q2,Total,Mini-marts & Convenience Stores,79.8
1997-Q2,Total,Food Retailers,87.2
1997-Q2,Total,Motor Vehicles,59.1
1997-Q2,Total,Petrol Service Stations,98.8
1997-Q2,Total,Medical Goods & Toiletries,43.6
1997-Q2,Total,Wearing Apparel & Footwear,55.3
1997-Q2,Total,Furniture & Household Equipment,55.7
1997-Q2,Total,Recreational Goods,78.6
1997-Q2,Total,Watches & Jewellery,108.5
1997-Q2,Total,Computer & Telecommunications Equipment,29.6
1997-Q2,Total,Optical Goods & Books,85.9
1997-Q2,Total,Others,76.8
1997-Q3,Total,Department Stores,59
1997-Q3,Total,Supermarkets,57.2
1997-Q3,Total,Mini-marts & Convenience Stores,80.2
1997-Q3,Total,Food Retailers,93.6
1997-Q3,Total,Motor Vehicles,64.6
1997-Q3,Total,Petrol Service Stations,102.4
1997-Q3,Total,Medical Goods & Toiletries,45.8
1997-Q3,Total,Wearing Apparel & Footwear,59.8
1997-Q3,Total,Furniture & Household Equipment,56.3
1997-Q3,Total,Recreational Goods,77.3
1997-Q3,Total,Watches & Jewellery,133.8
1997-Q3,Total,Computer & Telecommunications Equipment,33.2
1997-Q3,Total,Optical Goods & Books,87.5
1997-Q3,Total,Others,73.5
1997-Q4,Total,Department Stores,63.7
1997-Q4,Total,Supermarkets,65.9
1997-Q4,Total,Mini-marts & Convenience Stores,82.3
1997-Q4,Total,Food Retailers,82.2
1997-Q4,Total,Motor Vehicles,48.6
1997-Q4,Total,Petrol Service Stations,100.5
1997-Q4,Total,Medical Goods & Toiletries,43.7
1997-Q4,Total,Wearing Apparel & Footwear,63.5
1997-Q4,Total,Furniture & Household Equipment,65.2
1997-Q4,Total,Recreational Goods,82.9
1997-Q4,Total,Watches & Jewellery,127.1
1997-Q4,Total,Computer & Telecommunications Equipment,30.7
1997-Q4,Total,Optical Goods & Books,94.9
1997-Q4,Total,Others,71.6
1998-Q1,Total,Department Stores,56.8
1998-Q1,Total,Supermarkets,70.2
1998-Q1,Total,Mini-marts & Convenience Stores,83.5
1998-Q1,Total,Food Retailers,94.1
1998-Q1,Total,Motor Vehicles,50.3
1998-Q1,Total,Petrol Service Stations,102.5
1998-Q1,Total,Medical Goods & Toiletries,42.2
1998-Q1,Total,Wearing Apparel & Footwear,60.5
1998-Q1,Total,Furniture & Household Equipment,60.6
1998-Q1,Total,Recreational Goods,68.2
1998-Q1,Total,Watches & Jewellery,99.8
1998-Q1,Total,Computer & Telecommunications Equipment,26.8
1998-Q1,Total,Optical Goods & Books,84.4
1998-Q1,Total,Others,74.6
1998-Q2,Total,Department Stores,53.2
1998-Q2,Total,Supermarkets,67.4
1998-Q2,Total,Mini-marts & Convenience Stores,80.7
1998-Q2,Total,Food Retailers,66.3
1998-Q2,Total,Motor Vehicles,66.5
1998-Q2,Total,Petrol Service Stations,101.5
1998-Q2,Total,Medical Goods & Toiletries,41.2
1998-Q2,Total,Wearing Apparel & Footwear,51.8
1998-Q2,Total,Furniture & Household Equipment,55.4
1998-Q2,Total,Recreational Goods,67
1998-Q2,Total,Watches & Jewellery,83.6
1998-Q2,Total,Computer & Telecommunications Equipment,24.1
1998-Q2,Total,Optical Goods & Books,76
1998-Q2,Total,Others,79.2
1998-Q3,Total,Department Stores,51.9
1998-Q3,Total,Supermarkets,67.4
1998-Q3,Total,Mini-marts & Convenience Stores,81.9
1998-Q3,Total,Food Retailers,66.1
1998-Q3,Total,Motor Vehicles,59.5
1998-Q3,Total,Petrol Service Stations,99.8
1998-Q3,Total,Medical Goods & Toiletries,43.3
1998-Q3,Total,Wearing Apparel & Footwear,50.8
1998-Q3,Total,Furniture & Household Equipment,54.1
1998-Q3,Total,Recreational Goods,65.7
1998-Q3,Total,Watches & Jewellery,86.1
1998-Q3,Total,Computer & Telecommunications Equipment,20.3
1998-Q3,Total,Optical Goods & Books,74.6
1998-Q3,Total,Others,66.8
1998-Q4,Total,Department Stores,60.1
1998-Q4,Total,Supermarkets,72.9
1998-Q4,Total,Mini-marts & Convenience Stores,80
1998-Q4,Total,Food Retailers,71.7
1998-Q4,Total,Motor Vehicles,57.9
1998-Q4,Total,Petrol Service Stations,96.6
1998-Q4,Total,Medical Goods & Toiletries,43.7
1998-Q4,Total,Wearing Apparel & Footwear,60.8
1998-Q4,Total,Furniture & Household Equipment,65.3
1998-Q4,Total,Recreational Goods,74.3
1998-Q4,Total,Watches & Jewellery,105.3
1998-Q4,Total,Computer & Telecommunications Equipment,20.7
1998-Q4,Total,Optical Goods & Books,89.1
1998-Q4,Total,Others,69.4
1999-Q1,Total,Department Stores,60.2
1999-Q1,Total,Supermarkets,71.5
1999-Q1,Total,Mini-marts & Convenience Stores,80.4
1999-Q1,Total,Food Retailers,97
1999-Q1,Total,Motor Vehicles,59.6
1999-Q1,Total,Petrol Service Stations,95.6
1999-Q1,Total,Medical Goods & Toiletries,43.5
1999-Q1,Total,Wearing Apparel & Footwear,68.1
1999-Q1,Total,Furniture & Household Equipment,63.8
1999-Q1,Total,Recreational Goods,71
1999-Q1,Total,Watches & Jewellery,102.5
1999-Q1,Total,Computer & Telecommunications Equipment,23.3
1999-Q1,Total,Optical Goods & Books,82
1999-Q1,Total,Others,68.4
1999-Q2,Total,Department Stores,59.3
1999-Q2,Total,Supermarkets,66.5
1999-Q2,Total,Mini-marts & Convenience Stores,76.4
1999-Q2,Total,Food Retailers,69.7
1999-Q2,Total,Motor Vehicles,77.7
1999-Q2,Total,Petrol Service Stations,97.3
1999-Q2,Total,Medical Goods & Toiletries,45.6
1999-Q2,Total,Wearing Apparel & Footwear,59.2
1999-Q2,Total,Furniture & Household Equipment,60.2
1999-Q2,Total,Recreational Goods,76.8
1999-Q2,Total,Watches & Jewellery,101.8
1999-Q2,Total,Computer & Telecommunications Equipment,27
1999-Q2,Total,Optical Goods & Books,81.7
1999-Q2,Total,Others,70.8
1999-Q3,Total,Department Stores,57
1999-Q3,Total,Supermarkets,63.7
1999-Q3,Total,Mini-marts & Convenience Stores,77.2
1999-Q3,Total,Food Retailers,77.4
1999-Q3,Total,Motor Vehicles,94
1999-Q3,Total,Petrol Service Stations,98.4
1999-Q3,Total,Medical Goods & Toiletries,45.4
1999-Q3,Total,Wearing Apparel & Footwear,60.2
1999-Q3,Total,Furniture & Household Equipment,63.6
1999-Q3,Total,Recreational Goods,78.5
1999-Q3,Total,Watches & Jewellery,106.2
1999-Q3,Total,Computer & Telecommunications Equipment,26.5
1999-Q3,Total,Optical Goods & Books,85.3
1999-Q3,Total,Others,72
1999-Q4,Total,Department Stores,68.7
1999-Q4,Total,Supermarkets,67.9
1999-Q4,Total,Mini-marts & Convenience Stores,80.4
1999-Q4,Total,Food Retailers,76.1
1999-Q4,Total,Motor Vehicles,90.7
1999-Q4,Total,Petrol Service Stations,95.9
1999-Q4,Total,Medical Goods & Toiletries,49.4
1999-Q4,Total,Wearing Apparel & Footwear,74.2
1999-Q4,Total,Furniture & Household Equipment,71.5
1999-Q4,Total,Recreational Goods,94.2
1999-Q4,Total,Watches & Jewellery,116.3
1999-Q4,Total,Computer & Telecommunications Equipment,29.2
1999-Q4,Total,Optical Goods & Books,100.9
1999-Q4,Total,Others,75.4
2000-Q1,Total,Department Stores,66.7
2000-Q1,Total,Supermarkets,66.3
2000-Q1,Total,Mini-marts & Convenience Stores,80.3
2000-Q1,Total,Food Retailers,106.6
2000-Q1,Total,Motor Vehicles,106.1
2000-Q1,Total,Petrol Service Stations,95
2000-Q1,Total,Medical Goods & Toiletries,50.5
2000-Q1,Total,Wearing Apparel & Footwear,76.1
2000-Q1,Total,Furniture & Household Equipment,70.9
2000-Q1,Total,Recreational Goods,80
2000-Q1,Total,Watches & Jewellery,100.4
2000-Q1,Total,Computer & Telecommunications Equipment,37.3
2000-Q1,Total,Optical Goods & Books,93.9
2000-Q1,Total,Others,76.5
2000-Q2,Total,Department Stores,63.8
2000-Q2,Total,Supermarkets,65
2000-Q2,Total,Mini-marts & Convenience Stores,78.1
2000-Q2,Total,Food Retailers,71.4
2000-Q2,Total,Motor Vehicles,132.4
2000-Q2,Total,Petrol Service Stations,95.1
2000-Q2,Total,Medical Goods & Toiletries,49.9
2000-Q2,Total,Wearing Apparel & Footwear,60.6
2000-Q2,Total,Furniture & Household Equipment,64.2
2000-Q2,Total,Recreational Goods,83.7
2000-Q2,Total,Watches & Jewellery,100.2
2000-Q2,Total,Computer & Telecommunications Equipment,40
2000-Q2,Total,Optical Goods & Books,91
2000-Q2,Total,Others,77
2000-Q3,Total,Department Stores,60.4
2000-Q3,Total,Supermarkets,74.5
2000-Q3,Total,Mini-marts & Convenience Stores,79.6
2000-Q3,Total,Food Retailers,77.8
2000-Q3,Total,Motor Vehicles,141.8
2000-Q3,Total,Petrol Service Stations,95.2
2000-Q3,Total,Medical Goods & Toiletries,47.5
2000-Q3,Total,Wearing Apparel & Footwear,65.9
2000-Q3,Total,Furniture & Household Equipment,66.2
2000-Q3,Total,Recreational Goods,76.4
2000-Q3,Total,Watches & Jewellery,98.6
2000-Q3,Total,Computer & Telecommunications Equipment,39.6
2000-Q3,Total,Optical Goods & Books,95.4
2000-Q3,Total,Others,76.9
2000-Q4,Total,Department Stores,70.1
2000-Q4,Total,Supermarkets,77.7
2000-Q4,Total,Mini-marts & Convenience Stores,83.9
2000-Q4,Total,Food Retailers,78.4
2000-Q4,Total,Motor Vehicles,137.6
2000-Q4,Total,Petrol Service Stations,90.8
2000-Q4,Total,Medical Goods & Toiletries,50.7
2000-Q4,Total,Wearing Apparel & Footwear,76.4
2000-Q4,Total,Furniture & Household Equipment,77.6
2000-Q4,Total,Recreational Goods,97.4
2000-Q4,Total,Watches & Jewellery,124.8
2000-Q4,Total,Computer & Telecommunications Equipment,40.5
2000-Q4,Total,Optical Goods & Books,106.1
2000-Q4,Total,Others,81
2001-Q1,Total,Department Stores,62.7
2001-Q1,Total,Supermarkets,78.9
2001-Q1,Total,Mini-marts & Convenience Stores,83.2
2001-Q1,Total,Food Retailers,104.8
2001-Q1,Total,Motor Vehicles,167.3
2001-Q1,Total,Petrol Service Stations,92.9
2001-Q1,Total,Medical Goods & Toiletries,50.8
2001-Q1,Total,Wearing Apparel & Footwear,73.1
2001-Q1,Total,Furniture & Household Equipment,62
2001-Q1,Total,Recreational Goods,75.8
2001-Q1,Total,Watches & Jewellery,104.8
2001-Q1,Total,Computer & Telecommunications Equipment,49.5
2001-Q1,Total,Optical Goods & Books,99
2001-Q1,Total,Others,80.8
2001-Q2,Total,Department Stores,61.3
2001-Q2,Total,Supermarkets,76.8
2001-Q2,Total,Mini-marts & Convenience Stores,79.8
2001-Q2,Total,Food Retailers,74.4
2001-Q2,Total,Motor Vehicles,159.2
2001-Q2,Total,Petrol Service Stations,91.9
2001-Q2,Total,Medical Goods & Toiletries,49.6
2001-Q2,Total,Wearing Apparel & Footwear,63.6
2001-Q2,Total,Furniture & Household Equipment,61.1
2001-Q2,Total,Recreational Goods,80.8
2001-Q2,Total,Watches & Jewellery,103.9
2001-Q2,Total,Computer & Telecommunications Equipment,38.2
2001-Q2,Total,Optical Goods & Books,91.1
2001-Q2,Total,Others,73.7
2001-Q3,Total,Department Stores,58.7
2001-Q3,Total,Supermarkets,78.1
2001-Q3,Total,Mini-marts & Convenience Stores,82.3
2001-Q3,Total,Food Retailers,77.1
2001-Q3,Total,Motor Vehicles,148.6
2001-Q3,Total,Petrol Service Stations,93.2
2001-Q3,Total,Medical Goods & Toiletries,47.8
2001-Q3,Total,Wearing Apparel & Footwear,62.8
2001-Q3,Total,Furniture & Household Equipment,63.1
2001-Q3,Total,Recreational Goods,78.1
2001-Q3,Total,Watches & Jewellery,97.9
2001-Q3,Total,Computer & Telecommunications Equipment,36.8
2001-Q3,Total,Optical Goods & Books,90.7
2001-Q3,Total,Others,88
2001-Q4,Total,Department Stores,66.7
2001-Q4,Total,Supermarkets,82.4
2001-Q4,Total,Mini-marts & Convenience Stores,85.7
2001-Q4,Total,Food Retailers,79.6
2001-Q4,Total,Motor Vehicles,143.5
2001-Q4,Total,Petrol Service Stations,94.1
2001-Q4,Total,Medical Goods & Toiletries,50.4
2001-Q4,Total,Wearing Apparel & Footwear,78.1
2001-Q4,Total,Furniture & Household Equipment,76.8
2001-Q4,Total,Recreational Goods,88
2001-Q4,Total,Watches & Jewellery,116.8
2001-Q4,Total,Computer & Telecommunications Equipment,37
2001-Q4,Total,Optical Goods & Books,104.7
2001-Q4,Total,Others,90.5
2002-Q1,Total,Department Stores,63.1
2002-Q1,Total,Supermarkets,83.1
2002-Q1,Total,Mini-marts & Convenience Stores,85.8
2002-Q1,Total,Food Retailers,111.6
2002-Q1,Total,Motor Vehicles,156.3
2002-Q1,Total,Petrol Service Stations,92.5
2002-Q1,Total,Medical Goods & Toiletries,52
2002-Q1,Total,Wearing Apparel & Footwear,72.9
2002-Q1,Total,Furniture & Household Equipment,67.3
2002-Q1,Total,Recreational Goods,71.8
2002-Q1,Total,Watches & Jewellery,100.8
2002-Q1,Total,Computer & Telecommunications Equipment,35.6
2002-Q1,Total,Optical Goods & Books,98.3
2002-Q1,Total,Others,86.5
2002-Q2,Total,Department Stores,60.9
2002-Q2,Total,Supermarkets,81
2002-Q2,Total,Mini-marts & Convenience Stores,83.9
2002-Q2,Total,Food Retailers,79.9
2002-Q2,Total,Motor Vehicles,136.4
2002-Q2,Total,Petrol Service Stations,89.6
2002-Q2,Total,Medical Goods & Toiletries,48.6
2002-Q2,Total,Wearing Apparel & Footwear,60.2
2002-Q2,Total,Furniture & Household Equipment,64.2
2002-Q2,Total,Recreational Goods,75.6
2002-Q2,Total,Watches & Jewellery,102.3
2002-Q2,Total,Computer & Telecommunications Equipment,36.1
2002-Q2,Total,Optical Goods & Books,93.9
2002-Q2,Total,Others,92.5
2002-Q3,Total,Department Stores,58.8
2002-Q3,Total,Supermarkets,82.9
2002-Q3,Total,Mini-marts & Convenience Stores,87.3
2002-Q3,Total,Food Retailers,86.6
2002-Q3,Total,Motor Vehicles,144.9
2002-Q3,Total,Petrol Service Stations,92.9
2002-Q3,Total,Medical Goods & Toiletries,48.2
2002-Q3,Total,Wearing Apparel & Footwear,61.2
2002-Q3,Total,Furniture & Household Equipment,66.7
2002-Q3,Total,Recreational Goods,73.3
2002-Q3,Total,Watches & Jewellery,97.7
2002-Q3,Total,Computer & Telecommunications Equipment,35.4
2002-Q3,Total,Optical Goods & Books,96.9
2002-Q3,Total,Others,90.2
2002-Q4,Total,Department Stores,68.1
2002-Q4,Total,Supermarkets,91.7
2002-Q4,Total,Mini-marts & Convenience Stores,92.8
2002-Q4,Total,Food Retailers,84.1
2002-Q4,Total,Motor Vehicles,149.9
2002-Q4,Total,Petrol Service Stations,90
2002-Q4,Total,Medical Goods & Toiletries,54.6
2002-Q4,Total,Wearing Apparel & Footwear,79.4
2002-Q4,Total,Furniture & Household Equipment,82.3
2002-Q4,Total,Recreational Goods,87.9
2002-Q4,Total,Watches & Jewellery,111.5
2002-Q4,Total,Computer & Telecommunications Equipment,44
2002-Q4,Total,Optical Goods & Books,113.8
2002-Q4,Total,Others,104.8
2003-Q1,Total,Department Stores,62.6
2003-Q1,Total,Supermarkets,91.1
2003-Q1,Total,Mini-marts & Convenience Stores,89.5
2003-Q1,Total,Food Retailers,114.5
2003-Q1,Total,Motor Vehicles,157
2003-Q1,Total,Petrol Service Stations,88.2
2003-Q1,Total,Medical Goods & Toiletries,53.4
2003-Q1,Total,Wearing Apparel & Footwear,69.7
2003-Q1,Total,Furniture & Household Equipment,62.8
2003-Q1,Total,Recreational Goods,68.1
2003-Q1,Total,Watches & Jewellery,88.3
2003-Q1,Total,Computer & Telecommunications Equipment,40
2003-Q1,Total,Optical Goods & Books,98.2
2003-Q1,Total,Others,92.1
2003-Q2,Total,Department Stores,55.3
2003-Q2,Total,Supermarkets,92
2003-Q2,Total,Mini-marts & Convenience Stores,85.2
2003-Q2,Total,Food Retailers,65
2003-Q2,Total,Motor Vehicles,175.6
2003-Q2,Total,Petrol Service Stations,86.1
2003-Q2,Total,Medical Goods & Toiletries,52.9
2003-Q2,Total,Wearing Apparel & Footwear,49
2003-Q2,Total,Furniture & Household Equipment,61.5
2003-Q2,Total,Recreational Goods,68.8
2003-Q2,Total,Watches & Jewellery,91.3
2003-Q2,Total,Computer & Telecommunications Equipment,42.3
2003-Q2,Total,Optical Goods & Books,93.7
2003-Q2,Total,Others,79.2
2003-Q3,Total,Department Stores,58.1
2003-Q3,Total,Supermarkets,85
2003-Q3,Total,Mini-marts & Convenience Stores,87.3
2003-Q3,Total,Food Retailers,86
2003-Q3,Total,Motor Vehicles,184.5
2003-Q3,Total,Petrol Service Stations,90.2
2003-Q3,Total,Medical Goods & Toiletries,51.9
2003-Q3,Total,Wearing Apparel & Footwear,56.2
2003-Q3,Total,Furniture & Household Equipment,60.9
2003-Q3,Total,Recreational Goods,70.4
2003-Q3,Total,Watches & Jewellery,96
2003-Q3,Total,Computer & Telecommunications Equipment,37.7
2003-Q3,Total,Optical Goods & Books,100.8
2003-Q3,Total,Others,76.5
2003-Q4,Total,Department Stores,69.5
2003-Q4,Total,Supermarkets,88.5
2003-Q4,Total,Mini-marts & Convenience Stores,91.1
2003-Q4,Total,Food Retailers,88.6
2003-Q4,Total,Motor Vehicles,200.6
2003-Q4,Total,Petrol Service Stations,90.4
2003-Q4,Total,Medical Goods & Toiletries,54.9
2003-Q4,Total,Wearing Apparel & Footwear,75.4
2003-Q4,Total,Furniture & Household Equipment,79.8
2003-Q4,Total,Recreational Goods,96.2
2003-Q4,Total,Watches & Jewellery,124.1
2003-Q4,Total,Computer & Telecommunications Equipment,40.3
2003-Q4,Total,Optical Goods & Books,114.8
2003-Q4,Total,Others,83.9
2004-Q1,Total,Department Stores,63.9
2004-Q1,Total,Supermarkets,85.9
2004-Q1,Total,Mini-marts & Convenience Stores,91.8
2004-Q1,Total,Food Retailers,106
2004-Q1,Total,Motor Vehicles,228.7
2004-Q1,Total,Petrol Service Stations,88.4
2004-Q1,Total,Medical Goods & Toiletries,56.6
2004-Q1,Total,Wearing Apparel & Footwear,67.2
2004-Q1,Total,Furniture & Household Equipment,67.8
2004-Q1,Total,Recreational Goods,75.3
2004-Q1,Total,Watches & Jewellery,102.2
2004-Q1,Total,Computer & Telecommunications Equipment,43.5
2004-Q1,Total,Optical Goods & Books,98.7
2004-Q1,Total,Others,100.6
2004-Q2,Total,Department Stores,62.3
2004-Q2,Total,Supermarkets,79.7
2004-Q2,Total,Mini-marts & Convenience Stores,89.1
2004-Q2,Total,Food Retailers,77.9
2004-Q2,Total,Motor Vehicles,207
2004-Q2,Total,Petrol Service Stations,87.2
2004-Q2,Total,Medical Goods & Toiletries,57.1
2004-Q2,Total,Wearing Apparel & Footwear,62.4
2004-Q2,Total,Furniture & Household Equipment,68.4
2004-Q2,Total,Recreational Goods,80
2004-Q2,Total,Watches & Jewellery,100.1
2004-Q2,Total,Computer & Telecommunications Equipment,43.2
2004-Q2,Total,Optical Goods & Books,97.7
2004-Q2,Total,Others,91.7
2004-Q3,Total,Department Stores,61.9
2004-Q3,Total,Supermarkets,78.2
2004-Q3,Total,Mini-marts & Convenience Stores,90.2
2004-Q3,Total,Food Retailers,81.4
2004-Q3,Total,Motor Vehicles,207.1
2004-Q3,Total,Petrol Service Stations,89
2004-Q3,Total,Medical Goods & Toiletries,55.2
2004-Q3,Total,Wearing Apparel & Footwear,63.4
2004-Q3,Total,Furniture & Household Equipment,70.2
2004-Q3,Total,Recreational Goods,81.2
2004-Q3,Total,Watches & Jewellery,96.5
2004-Q3,Total,Computer & Telecommunications Equipment,39.4
2004-Q3,Total,Optical Goods & Books,91.4
2004-Q3,Total,Others,92.6
2004-Q4,Total,Department Stores,72.3
2004-Q4,Total,Supermarkets,81.1
2004-Q4,Total,Mini-marts & Convenience Stores,93
2004-Q4,Total,Food Retailers,81.5
2004-Q4,Total,Motor Vehicles,225.6
2004-Q4,Total,Petrol Service Stations,88
2004-Q4,Total,Medical Goods & Toiletries,58.9
2004-Q4,Total,Wearing Apparel & Footwear,78.2
2004-Q4,Total,Furniture & Household Equipment,84.8
2004-Q4,Total,Recreational Goods,93.4
2004-Q4,Total,Watches & Jewellery,122.8
2004-Q4,Total,Computer & Telecommunications Equipment,43.5
2004-Q4,Total,Optical Goods & Books,105.2
2004-Q4,Total,Others,97.3
2005-Q1,Total,Department Stores,69
2005-Q1,Total,Supermarkets,81.1
2005-Q1,Total,Mini-marts & Convenience Stores,100.3
2005-Q1,Total,Food Retailers,107.7
2005-Q1,Total,Motor Vehicles,244.3
2005-Q1,Total,Petrol Service Stations,87.7
2005-Q1,Total,Medical Goods & Toiletries,61.6
2005-Q1,Total,Wearing Apparel & Footwear,77.8
2005-Q1,Total,Furniture & Household Equipment,79.9
2005-Q1,Total,Recreational Goods,86.5
2005-Q1,Total,Watches & Jewellery,116
2005-Q1,Total,Computer & Telecommunications Equipment,46.7
2005-Q1,Total,Optical Goods & Books,97.7
2005-Q1,Total,Others,88.2
2005-Q2,Total,Department Stores,67.7
2005-Q2,Total,Supermarkets,76.2
2005-Q2,Total,Mini-marts & Convenience Stores,90.7
2005-Q2,Total,Food Retailers,85.9
2005-Q2,Total,Motor Vehicles,237.6
2005-Q2,Total,Petrol Service Stations,88.5
2005-Q2,Total,Medical Goods & Toiletries,57.8
2005-Q2,Total,Wearing Apparel & Footwear,68.5
2005-Q2,Total,Furniture & Household Equipment,77.1
2005-Q2,Total,Recreational Goods,89
2005-Q2,Total,Watches & Jewellery,107
2005-Q2,Total,Computer & Telecommunications Equipment,46.7
2005-Q2,Total,Optical Goods & Books,98.3
2005-Q2,Total,Others,94.8
2005-Q3,Total,Department Stores,68.7
2005-Q3,Total,Supermarkets,79.2
2005-Q3,Total,Mini-marts & Convenience Stores,95.5
2005-Q3,Total,Food Retailers,93.3
2005-Q3,Total,Motor Vehicles,230.9
2005-Q3,Total,Petrol Service Stations,90
2005-Q3,Total,Medical Goods & Toiletries,60.9
2005-Q3,Total,Wearing Apparel & Footwear,66.8
2005-Q3,Total,Furniture & Household Equipment,76.9
2005-Q3,Total,Recreational Goods,90
2005-Q3,Total,Watches & Jewellery,106.2
2005-Q3,Total,Computer & Telecommunications Equipment,48.8
2005-Q3,Total,Optical Goods & Books,104.6
2005-Q3,Total,Others,96.1
2005-Q4,Total,Department Stores,77.9
2005-Q4,Total,Supermarkets,84.8
2005-Q4,Total,Mini-marts & Convenience Stores,96
2005-Q4,Total,Food Retailers,95
2005-Q4,Total,Motor Vehicles,244.7
2005-Q4,Total,Petrol Service Stations,87.5
2005-Q4,Total,Medical Goods & Toiletries,64.3
2005-Q4,Total,Wearing Apparel & Footwear,85.1
2005-Q4,Total,Furniture & Household Equipment,91.7
2005-Q4,Total,Recreational Goods,104.7
2005-Q4,Total,Watches & Jewellery,123.3
2005-Q4,Total,Computer & Telecommunications Equipment,48.7
2005-Q4,Total,Optical Goods & Books,108.3
2005-Q4,Total,Others,101.9
2006-Q1,Total,Department Stores,71.9
2006-Q1,Total,Supermarkets,86.2
2006-Q1,Total,Mini-marts & Convenience Stores,100.4
2006-Q1,Total,Food Retailers,113.7
2006-Q1,Total,Motor Vehicles,269.1
2006-Q1,Total,Petrol Service Stations,91.1
2006-Q1,Total,Medical Goods & Toiletries,65.5
2006-Q1,Total,Wearing Apparel & Footwear,85.3
2006-Q1,Total,Furniture & Household Equipment,81.9
2006-Q1,Total,Recreational Goods,89
2006-Q1,Total,Watches & Jewellery,100.3
2006-Q1,Total,Computer & Telecommunications Equipment,50.2
2006-Q1,Total,Optical Goods & Books,96.6
2006-Q1,Total,Others,100.4
2006-Q2,Total,Department Stores,73.5
2006-Q2,Total,Supermarkets,82.6
2006-Q2,Total,Mini-marts & Convenience Stores,96.5
2006-Q2,Total,Food Retailers,93.5
2006-Q2,Total,Motor Vehicles,272.1
2006-Q2,Total,Petrol Service Stations,91.3
2006-Q2,Total,Medical Goods & Toiletries,64.2
2006-Q2,Total,Wearing Apparel & Footwear,77.4
2006-Q2,Total,Furniture & Household Equipment,80.6
2006-Q2,Total,Recreational Goods,91.9
2006-Q2,Total,Watches & Jewellery,94.3
2006-Q2,Total,Computer & Telecommunications Equipment,55.4
2006-Q2,Total,Optical Goods & Books,93.1
2006-Q2,Total,Others,100.5
2006-Q3,Total,Department Stores,70.4
2006-Q3,Total,Supermarkets,85.8
2006-Q3,Total,Mini-marts & Convenience Stores,100.5
2006-Q3,Total,Food Retailers,98
2006-Q3,Total,Motor Vehicles,251
2006-Q3,Total,Petrol Service Stations,94.1
2006-Q3,Total,Medical Goods & Toiletries,63.2
2006-Q3,Total,Wearing Apparel & Footwear,75.2
2006-Q3,Total,Furniture & Household Equipment,80.3
2006-Q3,Total,Recreational Goods,87.7
2006-Q3,Total,Watches & Jewellery,89.8
2006-Q3,Total,Computer & Telecommunications Equipment,55.8
2006-Q3,Total,Optical Goods & Books,100.8
2006-Q3,Total,Others,106
2006-Q4,Total,Department Stores,82.5
2006-Q4,Total,Supermarkets,90.8
2006-Q4,Total,Mini-marts & Convenience Stores,99.3
2006-Q4,Total,Food Retailers,99
2006-Q4,Total,Motor Vehicles,281.9
2006-Q4,Total,Petrol Service Stations,92.5
2006-Q4,Total,Medical Goods & Toiletries,65.1
2006-Q4,Total,Wearing Apparel & Footwear,86.5
2006-Q4,Total,Furniture & Household Equipment,97.8
2006-Q4,Total,Recreational Goods,104.2
2006-Q4,Total,Watches & Jewellery,115.8
2006-Q4,Total,Computer & Telecommunications Equipment,59.8
2006-Q4,Total,Optical Goods & Books,108.2
2006-Q4,Total,Others,106.6
2007-Q1,Total,Department Stores,78.1
2007-Q1,Total,Supermarkets,93.5
2007-Q1,Total,Mini-marts & Convenience Stores,104.4
2007-Q1,Total,Food Retailers,122
2007-Q1,Total,Motor Vehicles,286.5
2007-Q1,Total,Petrol Service Stations,93.3
2007-Q1,Total,Medical Goods & Toiletries,67.9
2007-Q1,Total,Wearing Apparel & Footwear,93.6
2007-Q1,Total,Furniture & Household Equipment,96.6
2007-Q1,Total,Recreational Goods,90.9
2007-Q1,Total,Watches & Jewellery,100.7
2007-Q1,Total,Computer & Telecommunications Equipment,56.6
2007-Q1,Total,Optical Goods & Books,100.8
2007-Q1,Total,Others,105.6
2007-Q2,Total,Department Stores,79.4
2007-Q2,Total,Supermarkets,90.8
2007-Q2,Total,Mini-marts & Convenience Stores,105
2007-Q2,Total,Food Retailers,94.5
2007-Q2,Total,Motor Vehicles,278.6
2007-Q2,Total,Petrol Service Stations,96.5
2007-Q2,Total,Medical Goods & Toiletries,67.8
2007-Q2,Total,Wearing Apparel & Footwear,86
2007-Q2,Total,Furniture & Household Equipment,102.3
2007-Q2,Total,Recreational Goods,102
2007-Q2,Total,Watches & Jewellery,106.4
2007-Q2,Total,Computer & Telecommunications Equipment,64.9
2007-Q2,Total,Optical Goods & Books,107.2
2007-Q2,Total,Others,107.7
2007-Q3,Total,Department Stores,76
2007-Q3,Total,Supermarkets,93.1
2007-Q3,Total,Mini-marts & Convenience Stores,101.9
2007-Q3,Total,Food Retailers,97.3
2007-Q3,Total,Motor Vehicles,233.8
2007-Q3,Total,Petrol Service Stations,98.9
2007-Q3,Total,Medical Goods & Toiletries,61.3
2007-Q3,Total,Wearing Apparel & Footwear,81.9
2007-Q3,Total,Furniture & Household Equipment,90.9
2007-Q3,Total,Recreational Goods,92.6
2007-Q3,Total,Watches & Jewellery,94.9
2007-Q3,Total,Computer & Telecommunications Equipment,64.5
2007-Q3,Total,Optical Goods & Books,105
2007-Q3,Total,Others,109
2007-Q4,Total,Department Stores,88.3
2007-Q4,Total,Supermarkets,95.9
2007-Q4,Total,Mini-marts & Convenience Stores,95.4
2007-Q4,Total,Food Retailers,99.8
2007-Q4,Total,Motor Vehicles,235.4
2007-Q4,Total,Petrol Service Stations,93.7
2007-Q4,Total,Medical Goods & Toiletries,65.8
2007-Q4,Total,Wearing Apparel & Footwear,100.9
2007-Q4,Total,Furniture & Household Equipment,105.9
2007-Q4,Total,Recreational Goods,109.5
2007-Q4,Total,Watches & Jewellery,113.4
2007-Q4,Total,Computer & Telecommunications Equipment,73
2007-Q4,Total,Optical Goods & Books,117.2
2007-Q4,Total,Others,115.3
2008-Q1,Total,Department Stores,83.6
2008-Q1,Total,Supermarkets,99.3
2008-Q1,Total,Mini-marts & Convenience Stores,98.3
2008-Q1,Total,Food Retailers,115.2
2008-Q1,Total,Motor Vehicles,254.3
2008-Q1,Total,Petrol Service Stations,94.5
2008-Q1,Total,Medical Goods & Toiletries,70
2008-Q1,Total,Wearing Apparel & Footwear,98.4
2008-Q1,Total,Furniture & Household Equipment,106.6
2008-Q1,Total,Recreational Goods,90.3
2008-Q1,Total,Watches & Jewellery,96.5
2008-Q1,Total,Computer & Telecommunications Equipment,72.6
2008-Q1,Total,Optical Goods & Books,107.2
2008-Q1,Total,Others,106.6
2008-Q2,Total,Department Stores,82.9
2008-Q2,Total,Supermarkets,92.7
2008-Q2,Total,Mini-marts & Convenience Stores,96.1
2008-Q2,Total,Food Retailers,89.9
2008-Q2,Total,Motor Vehicles,262.8
2008-Q2,Total,Petrol Service Stations,96.8
2008-Q2,Total,Medical Goods & Toiletries,69.6
2008-Q2,Total,Wearing Apparel & Footwear,87.8
2008-Q2,Total,Furniture & Household Equipment,96.7
2008-Q2,Total,Recreational Goods,99.2
2008-Q2,Total,Watches & Jewellery,90.4
2008-Q2,Total,Computer & Telecommunications Equipment,66.7
2008-Q2,Total,Optical Goods & Books,103.2
2008-Q2,Total,Others,108.7
2008-Q3,Total,Department Stores,81.2
2008-Q3,Total,Supermarkets,95.5
2008-Q3,Total,Mini-marts & Convenience Stores,100.3
2008-Q3,Total,Food Retailers,91.2
2008-Q3,Total,Motor Vehicles,231.4
2008-Q3,Total,Petrol Service Stations,102.8
2008-Q3,Total,Medical Goods & Toiletries,67.1
2008-Q3,Total,Wearing Apparel & Footwear,86.1
2008-Q3,Total,Furniture & Household Equipment,97.1
2008-Q3,Total,Recreational Goods,90.6
2008-Q3,Total,Watches & Jewellery,91.4
2008-Q3,Total,Computer & Telecommunications Equipment,78.4
2008-Q3,Total,Optical Goods & Books,106.8
2008-Q3,Total,Others,110.8
2008-Q4,Total,Department Stores,90.4
2008-Q4,Total,Supermarkets,96.7
2008-Q4,Total,Mini-marts & Convenience Stores,101
2008-Q4,Total,Food Retailers,89.3
2008-Q4,Total,Motor Vehicles,205.5
2008-Q4,Total,Petrol Service Stations,100.3
2008-Q4,Total,Medical Goods & Toiletries,71.4
2008-Q4,Total,Wearing Apparel & Footwear,93
2008-Q4,Total,Furniture & Household Equipment,95.1
2008-Q4,Total,Recreational Goods,100.7
2008-Q4,Total,Watches & Jewellery,95.9
2008-Q4,Total,Computer & Telecommunications Equipment,77.7
2008-Q4,Total,Optical Goods & Books,111.4
2008-Q4,Total,Others,107.6
2009-Q1,Total,Department Stores,83.4
2009-Q1,Total,Supermarkets,99.5
2009-Q1,Total,Mini-marts & Convenience Stores,98.6
2009-Q1,Total,Food Retailers,105.8
2009-Q1,Total,Motor Vehicles,205.9
2009-Q1,Total,Petrol Service Stations,97.1
2009-Q1,Total,Medical Goods & Toiletries,72
2009-Q1,Total,Wearing Apparel & Footwear,86.2
2009-Q1,Total,Furniture & Household Equipment,84
2009-Q1,Total,Recreational Goods,88.1
2009-Q1,Total,Watches & Jewellery,73.8
2009-Q1,Total,Computer & Telecommunications Equipment,72.7
2009-Q1,Total,Optical Goods & Books,100.8
2009-Q1,Total,Others,95
2009-Q2,Total,Department Stores,82.9
2009-Q2,Total,Supermarkets,94.5
2009-Q2,Total,Mini-marts & Convenience Stores,98.7
2009-Q2,Total,Food Retailers,86.8
2009-Q2,Total,Motor Vehicles,185.7
2009-Q2,Total,Petrol Service Stations,96.9
2009-Q2,Total,Medical Goods & Toiletries,72.4
2009-Q2,Total,Wearing Apparel & Footwear,82.3
2009-Q2,Total,Furniture & Household Equipment,89.9
2009-Q2,Total,Recreational Goods,94.7
2009-Q2,Total,Watches & Jewellery,73.6
2009-Q2,Total,Computer & Telecommunications Equipment,71.3
2009-Q2,Total,Optical Goods & Books,96.6
2009-Q2,Total,Others,95.1
2009-Q3,Total,Department Stores,82.1
2009-Q3,Total,Supermarkets,97.6
2009-Q3,Total,Mini-marts & Convenience Stores,101.2
2009-Q3,Total,Food Retailers,90.3
2009-Q3,Total,Motor Vehicles,165.1
2009-Q3,Total,Petrol Service Stations,96.7
2009-Q3,Total,Medical Goods & Toiletries,71.3
2009-Q3,Total,Wearing Apparel & Footwear,85.9
2009-Q3,Total,Furniture & Household Equipment,95.5
2009-Q3,Total,Recreational Goods,91.6
2009-Q3,Total,Watches & Jewellery,80
2009-Q3,Total,Computer & Telecommunications Equipment,75.4
2009-Q3,Total,Optical Goods & Books,97.9
2009-Q3,Total,Others,100.4
2009-Q4,Total,Department Stores,91.5
2009-Q4,Total,Supermarkets,97.2
2009-Q4,Total,Mini-marts & Convenience Stores,98.6
2009-Q4,Total,Food Retailers,90.8
2009-Q4,Total,Motor Vehicles,170.6
2009-Q4,Total,Petrol Service Stations,95.5
2009-Q4,Total,Medical Goods & Toiletries,73.9
2009-Q4,Total,Wearing Apparel & Footwear,95.9
2009-Q4,Total,Furniture & Household Equipment,97.8
2009-Q4,Total,Recreational Goods,104.7
2009-Q4,Total,Watches & Jewellery,90.7
2009-Q4,Total,Computer & Telecommunications Equipment,87.5
2009-Q4,Total,Optical Goods & Books,109.1
2009-Q4,Total,Others,102.6
2010-Q1,Total,Department Stores,89.6
2010-Q1,Total,Supermarkets,100.8
2010-Q1,Total,Mini-marts & Convenience Stores,97.8
2010-Q1,Total,Food Retailers,101.5
2010-Q1,Total,Motor Vehicles,159.2
2010-Q1,Total,Petrol Service Stations,97.7
2010-Q1,Total,Medical Goods & Toiletries,77.3
2010-Q1,Total,Wearing Apparel & Footwear,98.4
2010-Q1,Total,Furniture & Household Equipment,94.5
2010-Q1,Total,Recreational Goods,94.6
2010-Q1,Total,Watches & Jewellery,82
2010-Q1,Total,Computer & Telecommunications Equipment,84.1
2010-Q1,Total,Optical Goods & Books,103.7
2010-Q1,Total,Others,98.5
2010-Q2,Total,Department Stores,88.1
2010-Q2,Total,Supermarkets,94
2010-Q2,Total,Mini-marts & Convenience Stores,93.7
2010-Q2,Total,Food Retailers,83.7
2010-Q2,Total,Motor Vehicles,121.7
2010-Q2,Total,Petrol Service Stations,97.2
2010-Q2,Total,Medical Goods & Toiletries,78.3
2010-Q2,Total,Wearing Apparel & Footwear,87.6
2010-Q2,Total,Furniture & Household Equipment,98.3
2010-Q2,Total,Recreational Goods,98
2010-Q2,Total,Watches & Jewellery,79.5
2010-Q2,Total,Computer & Telecommunications Equipment,74.5
2010-Q2,Total,Optical Goods & Books,102.9
2010-Q2,Total,Others,96.7
2010-Q3,Total,Department Stores,87.4
2010-Q3,Total,Supermarkets,96.5
2010-Q3,Total,Mini-marts & Convenience Stores,98.3
2010-Q3,Total,Food Retailers,90.3
2010-Q3,Total,Motor Vehicles,133.4
2010-Q3,Total,Petrol Service Stations,99
2010-Q3,Total,Medical Goods & Toiletries,79.2
2010-Q3,Total,Wearing Apparel & Footwear,88.2
2010-Q3,Total,Furniture & Household Equipment,102.3
2010-Q3,Total,Recreational Goods,93.9
2010-Q3,Total,Watches & Jewellery,81.2
2010-Q3,Total,Computer & Telecommunications Equipment,87.6
2010-Q3,Total,Optical Goods & Books,99.1
2010-Q3,Total,Others,100.7
2010-Q4,Total,Department Stores,96.6
2010-Q4,Total,Supermarkets,95.7
2010-Q4,Total,Mini-marts & Convenience Stores,99.8
2010-Q4,Total,Food Retailers,92.9
2010-Q4,Total,Motor Vehicles,131.9
2010-Q4,Total,Petrol Service Stations,95.3
2010-Q4,Total,Medical Goods & Toiletries,83.1
2010-Q4,Total,Wearing Apparel & Footwear,109.8
2010-Q4,Total,Furniture & Household Equipment,110.3
2010-Q4,Total,Recreational Goods,105.8
2010-Q4,Total,Watches & Jewellery,93.6
2010-Q4,Total,Computer & Telecommunications Equipment,94.8
2010-Q4,Total,Optical Goods & Books,114.2
2010-Q4,Total,Others,106.9
2011-Q1,Total,Department Stores,94.9
2011-Q1,Total,Supermarkets,96.9
2011-Q1,Total,Mini-marts & Convenience Stores,101.5
2011-Q1,Total,Food Retailers,105
2011-Q1,Total,Motor Vehicles,110.2
2011-Q1,Total,Petrol Service Stations,97.3
2011-Q1,Total,Medical Goods & Toiletries,84.9
2011-Q1,Total,Wearing Apparel & Footwear,102.8
2011-Q1,Total,Furniture & Household Equipment,101.5
2011-Q1,Total,Recreational Goods,97.1
2011-Q1,Total,Watches & Jewellery,89.4
2011-Q1,Total,Computer & Telecommunications Equipment,89.5
2011-Q1,Total,Optical Goods & Books,105.6
2011-Q1,Total,Others,104.7
2011-Q2,Total,Department Stores,93.5
2011-Q2,Total,Supermarkets,91.5
2011-Q2,Total,Mini-marts & Convenience Stores,99.1
2011-Q2,Total,Food Retailers,88.9
2011-Q2,Total,Motor Vehicles,132.2
2011-Q2,Total,Petrol Service Stations,100.3
2011-Q2,Total,Medical Goods & Toiletries,83
2011-Q2,Total,Wearing Apparel & Footwear,95.6
2011-Q2,Total,Furniture & Household Equipment,101.6
2011-Q2,Total,Recreational Goods,104.4
2011-Q2,Total,Watches & Jewellery,94.5
2011-Q2,Total,Computer & Telecommunications Equipment,89.8
2011-Q2,Total,Optical Goods & Books,99.5
2011-Q2,Total,Others,102
2011-Q3,Total,Department Stores,92.2
2011-Q3,Total,Supermarkets,95
2011-Q3,Total,Mini-marts & Convenience Stores,102.6
2011-Q3,Total,Food Retailers,91.4
2011-Q3,Total,Motor Vehicles,125.9
2011-Q3,Total,Petrol Service Stations,103.6
2011-Q3,Total,Medical Goods & Toiletries,84
2011-Q3,Total,Wearing Apparel & Footwear,95.3
2011-Q3,Total,Furniture & Household Equipment,104.2
2011-Q3,Total,Recreational Goods,99.7
2011-Q3,Total,Watches & Jewellery,85.3
2011-Q3,Total,Computer & Telecommunications Equipment,94.9
2011-Q3,Total,Optical Goods & Books,92.7
2011-Q3,Total,Others,104.9
2011-Q4,Total,Department Stores,102
2011-Q4,Total,Supermarkets,95.7
2011-Q4,Total,Mini-marts & Convenience Stores,101.2
2011-Q4,Total,Food Retailers,97.1
2011-Q4,Total,Motor Vehicles,131.9
2011-Q4,Total,Petrol Service Stations,100.1
2011-Q4,Total,Medical Goods & Toiletries,90.6
2011-Q4,Total,Wearing Apparel & Footwear,113.6
2011-Q4,Total,Furniture & Household Equipment,112.8
2011-Q4,Total,Recreational Goods,111.5
2011-Q4,Total,Watches & Jewellery,93.9
2011-Q4,Total,Computer & Telecommunications Equipment,126.7
2011-Q4,Total,Optical Goods & Books,108.2
2011-Q4,Total,Others,108.2
2012-Q1,Total,Department Stores,97.5
2012-Q1,Total,Supermarkets,100.4
2012-Q1,Total,Mini-marts & Convenience Stores,103.6
2012-Q1,Total,Food Retailers,108.8
2012-Q1,Total,Motor Vehicles,136.6
2012-Q1,Total,Petrol Service Stations,102.4
2012-Q1,Total,Medical Goods & Toiletries,95.1
2012-Q1,Total,Wearing Apparel & Footwear,105.3
2012-Q1,Total,Furniture & Household Equipment,107.3
2012-Q1,Total,Recreational Goods,100.5
2012-Q1,Total,Watches & Jewellery,87.9
2012-Q1,Total,Computer & Telecommunications Equipment,101.4
2012-Q1,Total,Optical Goods & Books,100.9
2012-Q1,Total,Others,106.8
2012-Q2,Total,Department Stores,92.4
2012-Q2,Total,Supermarkets,96.2
2012-Q2,Total,Mini-marts & Convenience Stores,100.1
2012-Q2,Total,Food Retailers,89.2
2012-Q2,Total,Motor Vehicles,127.3
2012-Q2,Total,Petrol Service Stations,101.8
2012-Q2,Total,Medical Goods & Toiletries,93
2012-Q2,Total,Wearing Apparel & Footwear,95.8
2012-Q2,Total,Furniture & Household Equipment,105.2
2012-Q2,Total,Recreational Goods,108.4
2012-Q2,Total,Watches & Jewellery,87.9
2012-Q2,Total,Computer & Telecommunications Equipment,102.5
2012-Q2,Total,Optical Goods & Books,94.7
2012-Q2,Total,Others,102.8
2012-Q3,Total,Department Stores,92
2012-Q3,Total,Supermarkets,101.6
2012-Q3,Total,Mini-marts & Convenience Stores,103.6
2012-Q3,Total,Food Retailers,93.5
2012-Q3,Total,Motor Vehicles,118.3
2012-Q3,Total,Petrol Service Stations,103.2
2012-Q3,Total,Medical Goods & Toiletries,90.6
2012-Q3,Total,Wearing Apparel & Footwear,96
2012-Q3,Total,Furniture & Household Equipment,107.6
2012-Q3,Total,Recreational Goods,101.5
2012-Q3,Total,Watches & Jewellery,83.9
2012-Q3,Total,Computer & Telecommunications Equipment,100
2012-Q3,Total,Optical Goods & Books,91.4
2012-Q3,Total,Others,104
2012-Q4,Total,Department Stores,101.6
2012-Q4,Total,Supermarkets,101.3
2012-Q4,Total,Mini-marts & Convenience Stores,102.2
2012-Q4,Total,Food Retailers,98.9
2012-Q4,Total,Motor Vehicles,118
2012-Q4,Total,Petrol Service Stations,99.2
2012-Q4,Total,Medical Goods & Toiletries,95.9
2012-Q4,Total,Wearing Apparel & Footwear,112.6
2012-Q4,Total,Furniture & Household Equipment,115.3
2012-Q4,Total,Recreational Goods,110.2
2012-Q4,Total,Watches & Jewellery,94.3
2012-Q4,Total,Computer & Telecommunications Equipment,125.6
2012-Q4,Total,Optical Goods & Books,104.8
2012-Q4,Total,Others,103.6
2013-Q1,Total,Department Stores,99.7
2013-Q1,Total,Supermarkets,104.8
2013-Q1,Total,Mini-marts & Convenience Stores,105.1
2013-Q1,Total,Food Retailers,113.2
2013-Q1,Total,Motor Vehicles,105.3
2013-Q1,Total,Petrol Service Stations,98.9
2013-Q1,Total,Medical Goods & Toiletries,99.3
2013-Q1,Total,Wearing Apparel & Footwear,107.7
2013-Q1,Total,Furniture & Household Equipment,103.9
2013-Q1,Total,Recreational Goods,100.4
2013-Q1,Total,Watches & Jewellery,90.7
2013-Q1,Total,Computer & Telecommunications Equipment,97.6
2013-Q1,Total,Optical Goods & Books,98.9
2013-Q1,Total,Others,104.1
2013-Q2,Total,Department Stores,94.9
2013-Q2,Total,Supermarkets,100.3
2013-Q2,Total,Mini-marts & Convenience Stores,101.3
2013-Q2,Total,Food Retailers,93
2013-Q2,Total,Motor Vehicles,115.1
2013-Q2,Total,Petrol Service Stations,100.5
2013-Q2,Total,Medical Goods & Toiletries,94.9
2013-Q2,Total,Wearing Apparel & Footwear,94.7
2013-Q2,Total,Furniture & Household Equipment,100
2013-Q2,Total,Recreational Goods,108.7
2013-Q2,Total,Watches & Jewellery,101.2
2013-Q2,Total,Computer & Telecommunications Equipment,99.1
2013-Q2,Total,Optical Goods & Books,97.8
2013-Q2,Total,Others,105.1
2013-Q3,Total,Department Stores,94.9
2013-Q3,Total,Supermarkets,102.4
2013-Q3,Total,Mini-marts & Convenience Stores,104.5
2013-Q3,Total,Food Retailers,96.9
2013-Q3,Total,Motor Vehicles,80.9
2013-Q3,Total,Petrol Service Stations,102.5
2013-Q3,Total,Medical Goods & Toiletries,92.2
2013-Q3,Total,Wearing Apparel & Footwear,95.5
2013-Q3,Total,Furniture & Household Equipment,104.2
2013-Q3,Total,Recreational Goods,107.4
2013-Q3,Total,Watches & Jewellery,95.6
2013-Q3,Total,Computer & Telecommunications Equipment,90.7
2013-Q3,Total,Optical Goods & Books,96.8
2013-Q3,Total,Others,104.7
2013-Q4,Total,Department Stores,104.2
2013-Q4,Total,Supermarkets,101.4
2013-Q4,Total,Mini-marts & Convenience Stores,100.8
2013-Q4,Total,Food Retailers,98.2
2013-Q4,Total,Motor Vehicles,79.4
2013-Q4,Total,Petrol Service Stations,99.1
2013-Q4,Total,Medical Goods & Toiletries,99.3
2013-Q4,Total,Wearing Apparel & Footwear,112.4
2013-Q4,Total,Furniture & Household Equipment,109.6
2013-Q4,Total,Recreational Goods,111
2013-Q4,Total,Watches & Jewellery,105
2013-Q4,Total,Computer & Telecommunications Equipment,110.7
2013-Q4,Total,Optical Goods & Books,109.5
2013-Q4,Total,Others,104.1
2014-Q1,Total,Department Stores,101.7
2014-Q1,Total,Supermarkets,103.8
2014-Q1,Total,Mini-marts & Convenience Stores,100
2014-Q1,Total,Food Retailers,117.6
2014-Q1,Total,Motor Vehicles,94.4
2014-Q1,Total,Petrol Service Stations,100.1
2014-Q1,Total,Medical Goods & Toiletries,103.1
2014-Q1,Total,Wearing Apparel & Footwear,105.4
2014-Q1,Total,Furniture & Household Equipment,97.9
2014-Q1,Total,Recreational Goods,100.7
2014-Q1,Total,Watches & Jewellery,104.9
2014-Q1,Total,Computer & Telecommunications Equipment,92
2014-Q1,Total,Optical Goods & Books,98.1
2014-Q1,Total,Others,99.2
2014-Q2,Total,Department Stores,96
2014-Q2,Total,Supermarkets,96.4
2014-Q2,Total,Mini-marts & Convenience Stores,98.5
2014-Q2,Total,Food Retailers,92
2014-Q2,Total,Motor Vehicles,96.8
2014-Q2,Total,Petrol Service Stations,99.5
2014-Q2,Total,Medical Goods & Toiletries,97.6
2014-Q2,Total,Wearing Apparel & Footwear,93
2014-Q2,Total,Furniture & Household Equipment,98.2
2014-Q2,Total,Recreational Goods,99.2
2014-Q2,Total,Watches & Jewellery,93.1
2014-Q2,Total,Computer & Telecommunications Equipment,88.2
2014-Q2,Total,Optical Goods & Books,99.9
2014-Q2,Total,Others,94.9
2014-Q3,Total,Department Stores,96.3
2014-Q3,Total,Supermarkets,100.3
2014-Q3,Total,Mini-marts & Convenience Stores,102.1
2014-Q3,Total,Food Retailers,93.7
2014-Q3,Total,Motor Vehicles,104.2
2014-Q3,Total,Petrol Service Stations,102.8
2014-Q3,Total,Medical Goods & Toiletries,97.2
2014-Q3,Total,Wearing Apparel & Footwear,91.6
2014-Q3,Total,Furniture & Household Equipment,98.7
2014-Q3,Total,Recreational Goods,94.4
2014-Q3,Total,Watches & Jewellery,93.8
2014-Q3,Total,Computer & Telecommunications Equipment,86.3
2014-Q3,Total,Optical Goods & Books,97.6
2014-Q3,Total,Others,99.2
2014-Q4,Total,Department Stores,106.1
2014-Q4,Total,Supermarkets,99.4
2014-Q4,Total,Mini-marts & Convenience Stores,99.4
2014-Q4,Total,Food Retailers,96.6
2014-Q4,Total,Motor Vehicles,104.5
2014-Q4,Total,Petrol Service Stations,97.7
2014-Q4,Total,Medical Goods & Toiletries,102.2
2014-Q4,Total,Wearing Apparel & Footwear,110
2014-Q4,Total,Furniture & Household Equipment,105.2
2014-Q4,Total,Recreational Goods,105.8
2014-Q4,Total,Watches & Jewellery,108.3
2014-Q4,Total,Computer & Telecommunications Equipment,133.6
2014-Q4,Total,Optical Goods & Books,104.3
2014-Q4,Total,Others,106.7
2015-Q1,Total,Department Stores,105.9
2015-Q1,Total,Supermarkets,102.9
2015-Q1,Total,Mini-marts & Convenience Stores,96.8
2015-Q1,Total,Food Retailers,107.7
2015-Q1,Total,Motor Vehicles,129.2
2015-Q1,Total,Petrol Service Stations,88.4
2015-Q1,Total,Medical Goods & Toiletries,100.1
2015-Q1,Total,Wearing Apparel & Footwear,104.1
2015-Q1,Total,Furniture & Household Equipment,96.3
2015-Q1,Total,Recreational Goods,91.1
2015-Q1,Total,Watches & Jewellery,105.2
2015-Q1,Total,Computer & Telecommunications Equipment,97.3
2015-Q1,Total,Optical Goods & Books,96.1
2015-Q1,Total,Others,107
2015-Q2,Total,Department Stores,99.4
2015-Q2,Total,Supermarkets,97.4
2015-Q2,Total,Mini-marts & Convenience Stores,95.3
2015-Q2,Total,Food Retailers,85.9
2015-Q2,Total,Motor Vehicles,158.7
2015-Q2,Total,Petrol Service Stations,84.2
2015-Q2,Total,Medical Goods & Toiletries,100.8
2015-Q2,Total,Wearing Apparel & Footwear,90.6
2015-Q2,Total,Furniture & Household Equipment,95.3
2015-Q2,Total,Recreational Goods,92.5
2015-Q2,Total,Watches & Jewellery,92.7
2015-Q2,Total,Computer & Telecommunications Equipment,86.6
2015-Q2,Total,Optical Goods & Books,93.5
2015-Q2,Total,Others,106.8
2015-Q3,Total,Department Stores,99.8
2015-Q3,Total,Supermarkets,101.9
2015-Q3,Total,Mini-marts & Convenience Stores,97.9
2015-Q3,Total,Food Retailers,90.4
2015-Q3,Total,Motor Vehicles,149.7
2015-Q3,Total,Petrol Service Stations,85.7
2015-Q3,Total,Medical Goods & Toiletries,104.7
2015-Q3,Total,Wearing Apparel & Footwear,89.2
2015-Q3,Total,Furniture & Household Equipment,97.4
2015-Q3,Total,Recreational Goods,92.8
2015-Q3,Total,Watches & Jewellery,101.7
2015-Q3,Total,Computer & Telecommunications Equipment,85.9
2015-Q3,Total,Optical Goods & Books,89.6
2015-Q3,Total,Others,107.9
2015-Q4,Total,Department Stores,105.7
2015-Q4,Total,Supermarkets,99.4
2015-Q4,Total,Mini-marts & Convenience Stores,95.9
2015-Q4,Total,Food Retailers,85.5
2015-Q4,Total,Motor Vehicles,168.5
2015-Q4,Total,Petrol Service Stations,83.8
2015-Q4,Total,Medical Goods & Toiletries,111.3
2015-Q4,Total,Wearing Apparel & Footwear,106.5
2015-Q4,Total,Furniture & Household Equipment,101.5
2015-Q4,Total,Recreational Goods,97.7
2015-Q4,Total,Watches & Jewellery,105.6
2015-Q4,Total,Computer & Telecommunications Equipment,106.2
2015-Q4,Total,Optical Goods & Books,97.6
2015-Q4,Total,Others,112.4
2016-Q1,Total,Department Stores,104.4
2016-Q1,Total,Supermarkets,101.8
2016-Q1,Total,Mini-marts & Convenience Stores,98.2
2016-Q1,Total,Food Retailers,87.4
2016-Q1,Total,Motor Vehicles,185.7
2016-Q1,Total,Petrol Service Stations,82.1
2016-Q1,Total,Medical Goods & Toiletries,108.8
2016-Q1,Total,Wearing Apparel & Footwear,97.7
2016-Q1,Total,Furniture & Household Equipment,94.4
2016-Q1,Total,Recreational Goods,88.8
2016-Q1,Total,Watches & Jewellery,97.4
2016-Q1,Total,Computer & Telecommunications Equipment,76
2016-Q1,Total,Optical Goods & Books,89.3
2016-Q1,Total,Others,112.7
2016-Q2,Total,Department Stores,96.2
2016-Q2,Total,Supermarkets,94.3
2016-Q2,Total,Mini-marts & Convenience Stores,95.1
2016-Q2,Total,Food Retailers,79.2
2016-Q2,Total,Motor Vehicles,206
2016-Q2,Total,Petrol Service Stations,80.8
2016-Q2,Total,Medical Goods & Toiletries,103.1
2016-Q2,Total,Wearing Apparel & Footwear,86.9
2016-Q2,Total,Furniture & Household Equipment,96.9
2016-Q2,Total,Recreational Goods,88
2016-Q2,Total,Watches & Jewellery,84.7
2016-Q2,Total,Computer & Telecommunications Equipment,68.4
2016-Q2,Total,Optical Goods & Books,85.4
2016-Q2,Total,Others,111.4
2016-Q3,Total,Department Stores,96.4
2016-Q3,Total,Supermarkets,97
2016-Q3,Total,Mini-marts & Convenience Stores,97.9
2016-Q3,Total,Food Retailers,81.6
2016-Q3,Total,Motor Vehicles,194.3
2016-Q3,Total,Petrol Service Stations,83.5
2016-Q3,Total,Medical Goods & Toiletries,107.7
2016-Q3,Total,Wearing Apparel & Footwear,85.6
2016-Q3,Total,Furniture & Household Equipment,94.9
2016-Q3,Total,Recreational Goods,88.5
2016-Q3,Total,Watches & Jewellery,85.1
2016-Q3,Total,Computer & Telecommunications Equipment,73.6
2016-Q3,Total,Optical Goods & Books,85
2016-Q3,Total,Others,114.8
2016-Q4,Total,Department Stores,103.8
2016-Q4,Total,Supermarkets,97.3
2016-Q4,Total,Mini-marts & Convenience Stores,95.1
2016-Q4,Total,Food Retailers,83.7
2016-Q4,Total,Motor Vehicles,186.8
2016-Q4,Total,Petrol Service Stations,81.2
2016-Q4,Total,Medical Goods & Toiletries,118
2016-Q4,Total,Wearing Apparel & Footwear,102.6
2016-Q4,Total,Furniture & Household Equipment,102.8
2016-Q4,Total,Recreational Goods,100.6
2016-Q4,Total,Watches & Jewellery,99.5
2016-Q4,Total,Computer & Telecommunications Equipment,97.3
2016-Q4,Total,Optical Goods & Books,94.3
2016-Q4,Total,Others,117.5
2017-Q1,Total,Department Stores,99.6
2017-Q1,Total,Supermarkets,99.6
2017-Q1,Total,Mini-marts & Convenience Stores,92.7
2017-Q1,Total,Food Retailers,85.8
2017-Q1,Total,Motor Vehicles,200.7
2017-Q1,Total,Petrol Service Stations,81.8
2017-Q1,Total,Medical Goods & Toiletries,116.8
2017-Q1,Total,Wearing Apparel & Footwear,96.2
2017-Q1,Total,Furniture & Household Equipment,93.4
2017-Q1,Total,Recreational Goods,90.7
2017-Q1,Total,Watches & Jewellery,99.5
2017-Q1,Total,Computer & Telecommunications Equipment,74.5
2017-Q1,Total,Optical Goods & Books,87.7
2017-Q1,Total,Others,113.7
2017-Q2,Total,Department Stores,101
2017-Q2,Total,Supermarkets,94.3
2017-Q2,Total,Mini-marts & Convenience Stores,91.7
2017-Q2,Total,Food Retailers,75
2017-Q2,Total,Motor Vehicles,200.5
2017-Q2,Total,Petrol Service Stations,82.5
2017-Q2,Total,Medical Goods & Toiletries,110.4
2017-Q2,Total,Wearing Apparel & Footwear,87.5
2017-Q2,Total,Furniture & Household Equipment,100.5
2017-Q2,Total,Recreational Goods,90.9
2017-Q2,Total,Watches & Jewellery,90.9
2017-Q2,Total,Computer & Telecommunications Equipment,70.7
2017-Q2,Total,Optical Goods & Books,85.9
2017-Q2,Total,Others,108.1
2017-Q3,Total,Department Stores,100.8
2017-Q3,Total,Supermarkets,101.3
2017-Q3,Total,Mini-marts & Convenience Stores,96.4
2017-Q3,Total,Food Retailers,78.6
2017-Q3,Total,Motor Vehicles,184.7
2017-Q3,Total,Petrol Service Stations,83.8
2017-Q3,Total,Medical Goods & Toiletries,116.5
2017-Q3,Total,Wearing Apparel & Footwear,89.1
2017-Q3,Total,Furniture & Household Equipment,94.5
2017-Q3,Total,Recreational Goods,93.3
2017-Q3,Total,Watches & Jewellery,88.9
2017-Q3,Total,Computer & Telecommunications Equipment,73.3
2017-Q3,Total,Optical Goods & Books,82.8
2017-Q3,Total,Others,113.7
